[
{
  "model": "sessions.session",
  "pk": "0bcitwyx5wu7apcmlwszpwesvdxdp5v5",
  "fields": {
    "session_data": ".eJxVjDsOwjAQBe_iGlnr34Ip6TmDtfZucAA5UpxUiLtDpBTQvpl5L5VoXWpau8xpZHVWVh1-t0zlIW0DfKd2m3SZ2jKPWW-K3mnX14nledndv4NKvX7rDNYOFBGpgKCjEkL0DDbGgi7jySFGdgHMkVnC4D2JyWgcUABPEdT7A9QENzQ:1pj1na:jcFE90_67YWKivfB0yvk9L1ezngws7_zMKom5eDOmU0",
    "expire_date": "2023-04-16T17:47:26.688Z"
  }
},
{
  "model": "sessions.session",
  "pk": "0z0alwgbgfaqy017fsmvc0cjwavmg3b7",
  "fields": {
    "session_data": ".eJxVjDsOwjAQBe_iGlnr34Ip6TmDtfZucAA5UpxUiLtDpBTQvpl5L5VoXWpau8xpZHVWVh1-t0zlIW0DfKd2m3SZ2jKPWW-K3mnX14nledndv4NKvX7rDNYOFBGpgKCjEkL0DDbGgi7jySFGdgHMkVnC4D2JyWgcUABPEdT7A9QENzQ:1pirWY:ZxSZs4zipndp88ii1E7nUrVQXn_8GuLgIe9Iyzlxtg4",
    "expire_date": "2023-04-16T06:49:10.864Z"
  }
},
{
  "model": "sessions.session",
  "pk": "2pxnp9g8npr110smrwrgfu8a4qkmvux6",
  "fields": {
    "session_data": ".eJxVjDsOwjAQBe_iGlnr34Ip6TmDtfZucAA5UpxUiLtDpBTQvpl5L5VoXWpau8xpZHVWVh1-t0zlIW0DfKd2m3SZ2jKPWW-K3mnX14nledndv4NKvX7rDNYOFBGpgKCjEkL0DDbGgi7jySFGdgHMkVnC4D2JyWgcUABPEdT7A9QENzQ:1pgNrO:-uB9krj1vgAqh4uogstGwg8l_-DRkUh4LVQf9HHeZS8",
    "expire_date": "2023-04-09T10:44:26.683Z"
  }
},
{
  "model": "sessions.session",
  "pk": "3v1q5wr720c318qv09mwidw1hqr4adep",
  "fields": {
    "session_data": ".eJxVjDsOwjAQBe_iGlnr34Ip6TmDtfZucAA5UpxUiLtDpBTQvpl5L5VoXWpau8xpZHVWVh1-t0zlIW0DfKd2m3SZ2jKPWW-K3mnX14nledndv4NKvX7rDNYOFBGpgKCjEkL0DDbGgi7jySFGdgHMkVnC4D2JyWgcUABPEdT7A9QENzQ:1pwhTS:4M9gH6UY35DleO8yjz78cPBPhz5wYPRksXLtL0lfdj0",
    "expire_date": "2023-05-24T10:55:10.553Z"
  }
},
{
  "model": "sessions.session",
  "pk": "4uoyvpjeujub3778u1zespnjg5k48ir8",
  "fields": {
    "session_data": ".eJxVjDsOwjAQBe_iGlnr34Ip6TmDtfZucAA5UpxUiLtDpBTQvpl5L5VoXWpau8xpZHVWVh1-t0zlIW0DfKd2m3SZ2jKPWW-K3mnX14nledndv4NKvX7rDNYOFBGpgKCjEkL0DDbGgi7jySFGdgHMkVnC4D2JyWgcUABPEdT7A9QENzQ:1piVKR:YrZXG4NSyytztl154PR_IbH5KmQktdIcddtH1wfv16w",
    "expire_date": "2023-04-15T07:07:11.978Z"
  }
},
{
  "model": "sessions.session",
  "pk": "97jzshlc09hvsn22fvqekoy27wghdlyr",
  "fields": {
    "session_data": ".eJxVjDsOwjAQBe_iGlnr34Ip6TmDtfZucAA5UpxUiLtDpBTQvpl5L5VoXWpau8xpZHVWVh1-t0zlIW0DfKd2m3SZ2jKPWW-K3mnX14nledndv4NKvX7rDNYOFBGpgKCjEkL0DDbGgi7jySFGdgHMkVnC4D2JyWgcUABPEdT7A9QENzQ:1pgIV8:qddXTtaeIHufsOLFtlHSlh-8nNlE2_XPqn0D8iv-Izc",
    "expire_date": "2023-04-09T05:01:06.841Z"
  }
},
{
  "model": "sessions.session",
  "pk": "bj8f5zvb7zs35ln63m4x9le2s77cki42",
  "fields": {
    "session_data": ".eJxVjDsOwjAQBe_iGlnr34Ip6TmDtfZucAA5UpxUiLtDpBTQvpl5L5VoXWpau8xpZHVWVh1-t0zlIW0DfKd2m3SZ2jKPWW-K3mnX14nledndv4NKvX7rDNYOFBGpgKCjEkL0DDbGgi7jySFGdgHMkVnC4D2JyWgcUABPEdT7A9QENzQ:1pxOgH:aNr16AS_NCY5LJf5SM2K5YOT1t4s2k2_iPtmz9D_YiY",
    "expire_date": "2023-05-26T09:03:17.888Z"
  }
},
{
  "model": "sessions.session",
  "pk": "dzzp5xbddon8bdgivcrkztqxog6xakf9",
  "fields": {
    "session_data": ".eJxVjDsOwyAQRO9CHSGwWT4p0_sMaIElOIlAMnYV5e6xJRdJOfPezJt53Nbit06LnxO7Mskuv13A-KR6gPTAem88trouc-CHwk_a-dQSvW6n-3dQsJd9PcggUQ1gnBIq5jTarCUYQwaC0HkUOYJwFrKTAkg7pFEFdGSNFGmP7PMFvqo3IA:1pgJ2Q:9ThOylNcE_rQ9ol-tKVcD8JuuWOT84txr60DTyaO-uU",
    "expire_date": "2023-04-09T05:35:30.331Z"
  }
},
{
  "model": "sessions.session",
  "pk": "e2nx7o37wz56tsygt0g8ot37s3ej51tm",
  "fields": {
    "session_data": ".eJxVjDsOwjAQBe_iGlnr34Ip6TmDtfZucAA5UpxUiLtDpBTQvpl5L5VoXWpau8xpZHVWVh1-t0zlIW0DfKd2m3SZ2jKPWW-K3mnX14nledndv4NKvX7rDNYOFBGpgKCjEkL0DDbGgi7jySFGdgHMkVnC4D2JyWgcUABPEdT7A9QENzQ:1pw0Yw:6NMqm4jn5S6fe4QNx5tczWN_niYNOxUx1-tw9YIkI4o",
    "expire_date": "2023-05-22T13:05:58.096Z"
  }
},
{
  "model": "sessions.session",
  "pk": "f7am66sln99rrzs1pzgtog5wkujes01k",
  "fields": {
    "session_data": ".eJxVjDsOwyAQRO9CHSGwWT4p0_sMaIElOIlAMnYV5e6xJRdJOfPezJt53Nbit06LnxO7Mskuv13A-KR6gPTAem88trouc-CHwk_a-dQSvW6n-3dQsJd9PcggUQ1gnBIq5jTarCUYQwaC0HkUOYJwFrKTAkg7pFEFdGSNFGmP7PMFvqo3IA:1pghpp:VuWIx6dZ0PKDdNnPEMqmrtKIN4EAhRo72C6mpIH6PPw",
    "expire_date": "2023-04-10T08:04:09.992Z"
  }
},
{
  "model": "sessions.session",
  "pk": "ij5o8iehksl1q6zy6hbgduv52zq423re",
  "fields": {
    "session_data": ".eJxVjDsOwyAQRO9CHSGwWT4p0_sMaIElOIlAMnYV5e6xJRdJOfPezJt53Nbit06LnxO7Mskuv13A-KR6gPTAem88trouc-CHwk_a-dQSvW6n-3dQsJd9PcggUQ1gnBIq5jTarCUYQwaC0HkUOYJwFrKTAkg7pFEFdGSNFGmP7PMFvqo3IA:1piaix:GVx3vI2R44eZ2wcnB6GPxMbQkIv9mcbDU6N22b62LHs",
    "expire_date": "2023-04-15T12:52:51.446Z"
  }
},
{
  "model": "sessions.session",
  "pk": "md7gidyvefmctj7hs7lcz7gf2ai9y5ek",
  "fields": {
    "session_data": ".eJxVjDsOwjAQBe_iGlnr34Ip6TmDtfZucAA5UpxUiLtDpBTQvpl5L5VoXWpau8xpZHVWVh1-t0zlIW0DfKd2m3SZ2jKPWW-K3mnX14nledndv4NKvX7rDNYOFBGpgKCjEkL0DDbGgi7jySFGdgHMkVnC4D2JyWgcUABPEdT7A9QENzQ:1qioSb:uB-9G65KBxO1pQIe0PV3OiIXHtrJpM00ki5sczEcbH4",
    "expire_date": "2023-10-04T04:05:09.049Z"
  }
},
{
  "model": "sessions.session",
  "pk": "nfvnioht4skltdtabb66u4uswy3wy1p1",
  "fields": {
    "session_data": ".eJxVjDsOwjAQBe_iGlnr34Ip6TmDtfZucAA5UpxUiLtDpBTQvpl5L5VoXWpau8xpZHVWVh1-t0zlIW0DfKd2m3SZ2jKPWW-K3mnX14nledndv4NKvX7rDNYOFBGpgKCjEkL0DDbGgi7jySFGdgHMkVnC4D2JyWgcUABPEdT7A9QENzQ:1q3T4C:b_RsCzISKmIZUhlWvuU7ZpA4VEepNwg5JeePrWm14P8",
    "expire_date": "2023-06-12T02:57:04.361Z"
  }
},
{
  "model": "sessions.session",
  "pk": "p7fxkpmbrn623fo24bqsv1c08uycbvkt",
  "fields": {
    "session_data": ".eJxVjDsOwyAQRO9CHSGwWT4p0_sMaIElOIlAMnYV5e6xJRdJOfPezJt53Nbit06LnxO7Mskuv13A-KR6gPTAem88trouc-CHwk_a-dQSvW6n-3dQsJd9PcggUQ1gnBIq5jTarCUYQwaC0HkUOYJwFrKTAkg7pFEFdGSNFGmP7PMFvqo3IA:1picuf:AmiP2pGRdO7q3sItNBMBP1q4ildTATZ8BeL7K-dUZZI",
    "expire_date": "2023-04-15T15:13:05.536Z"
  }
},
{
  "model": "sessions.session",
  "pk": "qzh3sbu854i9clvc0a7o8xm1qwlx3vu9",
  "fields": {
    "session_data": ".eJxVjDsOwjAQBe_iGlnr34Ip6TmDtfZucAA5UpxUiLtDpBTQvpl5L5VoXWpau8xpZHVWVh1-t0zlIW0DfKd2m3SZ2jKPWW-K3mnX14nledndv4NKvX7rDNYOFBGpgKCjEkL0DDbGgi7jySFGdgHMkVnC4D2JyWgcUABPEdT7A9QENzQ:1pgUFd:YI9pwjo8_FP2HsVpzrUhv0aAg8MoXZHtYr0-3Av8izc",
    "expire_date": "2023-04-09T17:33:53.719Z"
  }
},
{
  "model": "accounts.customuser",
  "fields": {
    "password": "pbkdf2_sha256$260000$BxSbIPv0KXO5XhdLavaUYT$FNQDwsr+tiljBdngQFxo4RmPA7f89nm2mx4+LUx1Tbc=",
    "last_login": "2023-04-01T15:13:05.532Z",
    "is_superuser": true,
    "is_active": true,
    "date_joined": "2023-03-26T04:51:06.251Z",
    "group": null,
    "email": "m@gmail.com",
    "is_staff": true,
    "first_name": "",
    "last_name": "",
    "phone_number": "",
    "groups": [],
    "user_permissions": []
  }
},
{
  "model": "accounts.customuser",
  "fields": {
    "password": "pbkdf2_sha256$260000$VZlm2ODUZq5qcUVKrhYWWW$Qtek/EQySIfznkTcjBqQorLHRuYRk3zJXBfJvSB+ULA=",
    "last_login": "2023-09-20T04:07:58.626Z",
    "is_superuser": true,
    "is_active": true,
    "date_joined": "2023-03-26T05:00:23.993Z",
    "group": null,
    "email": "admin@gmail.com",
    "is_staff": true,
    "first_name": "",
    "last_name": "",
    "phone_number": "",
    "groups": [],
    "user_permissions": []
  }
},
{
  "model": "accounts.customuser",
  "fields": {
    "password": "pbkdf2_sha256$260000$VjAdbM825caNHJDQxoSs3g$EPNL6iWTIEo7SdyW9MUfynB6N1Rqu+E0IU2IhAEDIsE=",
    "last_login": "2023-05-29T18:15:22.381Z",
    "is_superuser": false,
    "is_active": true,
    "date_joined": "2023-04-02T09:50:50.563Z",
    "group": 2,
    "email": "shohistabonu55@gmail.com",
    "is_staff": false,
    "first_name": "Shohista",
    "last_name": "Allamova",
    "phone_number": "998933635075",
    "groups": [],
    "user_permissions": []
  }
},
{
  "model": "accounts.customuser",
  "fields": {
    "password": "pbkdf2_sha256$260000$ozrxtseLcCNmpQSnyio7hi$LxoJy8Gwf1oz84eAg5cMvDVmLTH6KFSAB69swP0iTpA=",
    "last_login": "2023-09-20T04:08:56.600Z",
    "is_superuser": false,
    "is_active": true,
    "date_joined": "2023-04-02T16:13:51.125Z",
    "group": 2,
    "email": "Y@gmail.com",
    "is_staff": false,
    "first_name": "Fazliddin",
    "last_name": "Yakubjonov",
    "phone_number": "+998907776328",
    "groups": [],
    "user_permissions": []
  }
},
{
  "model": "accounts.customuser",
  "fields": {
    "password": "pbkdf2_sha256$260000$snYQBFpCEhHJWPu1HltJy1$PONSABuDj2XmJxsWuu8K+1RUWylBLLSE2r3sS2Ioh9Q=",
    "last_login": "2023-04-02T16:21:28.920Z",
    "is_superuser": false,
    "is_active": true,
    "date_joined": "2023-04-02T16:21:28.332Z",
    "group": 3,
    "email": "A@gmail.com",
    "is_staff": false,
    "first_name": "Fazliddin",
    "last_name": "Yakubjonov",
    "phone_number": "+998907776328",
    "groups": [],
    "user_permissions": []
  }
},
{
  "model": "accounts.customuser",
  "fields": {
    "password": "pbkdf2_sha256$260000$2jiXRHnrrdUrwDwr1vL3Y0$kqEmr58nXWGj/IRMFwtkHVW3//PvKpNeWfbxXK284Gg=",
    "last_login": "2023-04-02T16:27:10.443Z",
    "is_superuser": false,
    "is_active": true,
    "date_joined": "2023-04-02T16:27:09.760Z",
    "group": 2,
    "email": "B@gmail.com",
    "is_staff": false,
    "first_name": "Fazliddin",
    "last_name": "Yakubjonov",
    "phone_number": "+998907776328",
    "groups": [],
    "user_permissions": []
  }
},
{
  "model": "groups.classgroup",
  "pk": 2,
  "fields": {
    "name": "22/1-guruh"
  }
},
{
  "model": "groups.classgroup",
  "pk": 3,
  "fields": {
    "name": "22/2 - guruh"
  }
},
{
  "model": "groups.classgroup",
  "pk": 4,
  "fields": {
    "name": "22.3"
  }
},
{
  "model": "exams.exam",
  "pk": 4,
  "fields": {
    "title": "Kompyuterning texnik ta'minoti",
    "exam_type": "c",
    "allotted_time": 10.0,
    "desc": "1-amaliy mashg'ulot testi",
    "date_created": "2023-04-02T09:25:38.952Z",
    "attempts": 3,
    "semester": 1
  }
},
{
  "model": "exams.exam",
  "pk": 5,
  "fields": {
    "title": "Windows operatsion tizimini o’rnatish",
    "exam_type": "c",
    "allotted_time": 10.0,
    "desc": "2-amaliy mashg'ulot testi",
    "date_created": "2023-04-02T10:07:57.162Z",
    "attempts": 3,
    "semester": 1
  }
},
{
  "model": "exams.exam",
  "pk": 6,
  "fields": {
    "title": "MATN PROTSESSORLARI. MATN MUHARRIRLARI IMKONIYATLARI BILAN TANISHISH",
    "exam_type": "c",
    "allotted_time": 10.0,
    "desc": "3-Amaliy mashg'ulot testi",
    "date_created": "2023-04-02T11:04:07.007Z",
    "attempts": 3,
    "semester": 1
  }
},
{
  "model": "exams.exam",
  "pk": 7,
  "fields": {
    "title": "ELEKTRON JADVALLAR BILAN ISHLASH",
    "exam_type": "c",
    "allotted_time": 10.0,
    "desc": "4-Amaliy mashg'ulot testi",
    "date_created": "2023-04-02T11:15:48.485Z",
    "attempts": 2,
    "semester": 1
  }
},
{
  "model": "exams.exam",
  "pk": 8,
  "fields": {
    "title": "TAQDIMOT MUHARRIRLARI VA ULARNING",
    "exam_type": "c",
    "allotted_time": 10.0,
    "desc": "5-amaliy mashg'ulot testi",
    "date_created": "2023-04-02T11:32:35.187Z",
    "attempts": 2,
    "semester": 1
  }
},
{
  "model": "exams.exam",
  "pk": 9,
  "fields": {
    "title": "MS Access dasturining asosiy elementlar paneli va interfeysi",
    "exam_type": "c",
    "allotted_time": 10.0,
    "desc": "6-Amaliy mashg'ulot testi",
    "date_created": "2023-04-02T11:41:07.276Z",
    "attempts": 2,
    "semester": 1
  }
},
{
  "model": "exams.exam",
  "pk": 10,
  "fields": {
    "title": "Grafik dasturlar bilan ishlash",
    "exam_type": "c",
    "allotted_time": 10.0,
    "desc": "7-Amaliy mashg'ulot testi",
    "date_created": "2023-04-02T11:59:38.679Z",
    "attempts": 2,
    "semester": 1
  }
},
{
  "model": "exams.examitem",
  "pk": 5,
  "fields": {
    "exam": 4,
    "group": 2,
    "start_date": "2023-05-29T18:10:17Z",
    "end_date": "2023-05-31T18:10:25Z",
    "desc": "hh"
  }
},
{
  "model": "exams.examitem",
  "pk": 6,
  "fields": {
    "exam": 4,
    "group": 3,
    "start_date": "2023-04-02T10:04:17Z",
    "end_date": "2023-04-05T10:04:22Z",
    "desc": ""
  }
},
{
  "model": "exams.examitem",
  "pk": 7,
  "fields": {
    "exam": 5,
    "group": 2,
    "start_date": "2023-04-04T12:12:32Z",
    "end_date": "2023-04-05T12:12:41Z",
    "desc": ""
  }
},
{
  "model": "exams.examitem",
  "pk": 8,
  "fields": {
    "exam": 6,
    "group": 2,
    "start_date": "2023-04-02T12:16:19Z",
    "end_date": "2023-04-07T12:16:24Z",
    "desc": ""
  }
},
{
  "model": "exams.examitem",
  "pk": 10,
  "fields": {
    "exam": 7,
    "group": 2,
    "start_date": "2023-04-02T12:16:53Z",
    "end_date": "2023-04-07T12:16:56Z",
    "desc": ""
  }
},
{
  "model": "exams.examitem",
  "pk": 11,
  "fields": {
    "exam": 8,
    "group": 2,
    "start_date": "2023-04-02T11:15:43Z",
    "end_date": "2023-04-07T12:17:07Z",
    "desc": ""
  }
},
{
  "model": "exams.examitem",
  "pk": 12,
  "fields": {
    "exam": 9,
    "group": 2,
    "start_date": "2023-05-08T06:35:56Z",
    "end_date": "2023-05-08T12:17:19Z",
    "desc": ""
  }
},
{
  "model": "exams.examitem",
  "pk": 13,
  "fields": {
    "exam": 10,
    "group": 2,
    "start_date": "2023-04-04T11:15:10Z",
    "end_date": "2023-04-08T12:17:34Z",
    "desc": ""
  }
},
{
  "model": "exams.question",
  "pk": 6,
  "fields": {
    "text": "Kompyuterning asosiy qurilmalari to’g’ri ko’rsatilgan qatorni toping?",
    "image": "",
    "exam": 4
  }
},
{
  "model": "exams.question",
  "pk": 7,
  "fields": {
    "text": ". … - bu kompyuterning miyyasi.Kompyuter ishini boshqarish,barcha hisob-kitob va buyruqlarini bajarilishini ta’minlaydi.",
    "image": "questions/images/2023-04-02/cpu2.jpg",
    "exam": 4
  }
},
{
  "model": "exams.question",
  "pk": 8,
  "fields": {
    "text": "… - doimiy xotira. Ma‘lumotlarni doimo saqlash uchun foydalanadi.",
    "image": "questions/images/2023-04-02/vinchestor.jpg",
    "exam": 4
  }
},
{
  "model": "exams.question",
  "pk": 10,
  "fields": {
    "text": "-kompyuter tomonidan dasturlar ishlash jarayonida ko‘p ishlatilgan ma‘lumotlarni saqlash uchun foydalanadi.",
    "image": "",
    "exam": 4
  }
},
{
  "model": "exams.question",
  "pk": 11,
  "fields": {
    "text": "…- ular har xil tashqi qurilmalar ishini ta‘minlaydilar. Ishlash holatlari bilan farqlanadi (video plata, tovush plata, tarmoq platasi va h.k.)",
    "image": "",
    "exam": 4
  }
},
{
  "model": "exams.question",
  "pk": 12,
  "fields": {
    "text": "…- bu egiluvchan va kompakt disklardagi ma‘lumotlarni o‘qish va ularga saqlash ishlarni bajaradigan qismi",
    "image": "",
    "exam": 4
  }
},
{
  "model": "exams.question",
  "pk": 13,
  "fields": {
    "text": "…- har bir qismning o‘ziga mos elektr-quvvat extiyojini ta‘minlovchi blok",
    "image": "",
    "exam": 4
  }
},
{
  "model": "exams.question",
  "pk": 14,
  "fields": {
    "text": "Kopyuterning ma‘lumotlarni ekran orqali foydalanuvchiga chiqarish qurilmasi nima deb ataladi?",
    "image": "",
    "exam": 4
  }
},
{
  "model": "exams.question",
  "pk": 17,
  "fields": {
    "text": "Kompyuterdagi ma‘lumotlarni bosmaga chiqarish qurilmasi nima deb ataladi?",
    "image": "",
    "exam": 4
  }
},
{
  "model": "exams.question",
  "pk": 19,
  "fields": {
    "text": "Kompyuterning qo’shimcha  qurilmalari to’g’ri ko’rsatilgan qatorni toping.",
    "image": "",
    "exam": 4
  }
},
{
  "model": "exams.question",
  "pk": 20,
  "fields": {
    "text": "Dunyoning necha foiz kompyuterlari Microsoft korporatsiyasi tomonidan yaratilgan operatsion tizimlar bilan jihozlangan?",
    "image": "",
    "exam": 5
  }
},
{
  "model": "exams.question",
  "pk": 21,
  "fields": {
    "text": "MS-DOS operatsion tizimi nechanchi yilda yaratilgan?",
    "image": "",
    "exam": 5
  }
},
{
  "model": "exams.question",
  "pk": 22,
  "fields": {
    "text": "Windows 3,1 operatsion tizimi nechanchi yilda yaratilgan?",
    "image": "",
    "exam": 5
  }
},
{
  "model": "exams.question",
  "pk": 23,
  "fields": {
    "text": "Windows XP operatsion tizimi nechanchi yilda yaratilgan?",
    "image": "",
    "exam": 5
  }
},
{
  "model": "exams.question",
  "pk": 24,
  "fields": {
    "text": "Sakkiz razryadli shaxsiy kompyuterlar uchun yaratilgan birinchi operatsion sistemaning nomi nima?",
    "image": "",
    "exam": 5
  }
},
{
  "model": "exams.question",
  "pk": 25,
  "fields": {
    "text": "CP/M-80 operatsion tizimini kim yaratgan?",
    "image": "",
    "exam": 5
  }
},
{
  "model": "exams.question",
  "pk": 26,
  "fields": {
    "text": "Microsoft firmasining operatsion tizimlari yozilgan qatoni toping?",
    "image": "",
    "exam": 5
  }
},
{
  "model": "exams.question",
  "pk": 27,
  "fields": {
    "text": "Nechanchi yilda IBM va Microsoft firmasi tomonidan bir vaqtda bir nechta masalalar yechishga qodir bo‘lgan OS/2 operatsion sistemasi ishlab chiqildi.",
    "image": "",
    "exam": 5
  }
},
{
  "model": "exams.question",
  "pk": 28,
  "fields": {
    "text": "odatda Acer, Asus, Fujitsu-Siemens, Panasonic, Samsung, Sony, Toshiba, Dell и Lenovo noutbuklari uchun biosga kirish qaysi funksional tugma yordamida amalga oshiriladi?",
    "image": "",
    "exam": 5
  }
},
{
  "model": "exams.question",
  "pk": 29,
  "fields": {
    "text": "Operatsion tizim nima?",
    "image": "",
    "exam": 5
  }
},
{
  "model": "exams.question",
  "pk": 30,
  "fields": {
    "text": "Matnlarni kiritish va tahrirlovchi dasturlar  … deb ataladi.",
    "image": "",
    "exam": 6
  }
},
{
  "model": "exams.question",
  "pk": 31,
  "fields": {
    "text": "Matnlarni kiritish va tahrirlovchi hamda farmatlovchi dasturlar … deb ataladi.",
    "image": "",
    "exam": 6
  }
},
{
  "model": "exams.question",
  "pk": 32,
  "fields": {
    "text": "…- bu matnli xujjatlarni tuzish, ko‘zdan kechirish, taxrir qilish va chop etish uchun xizmat qiluvchi hamda Microsoft  Office dasturlari guruhiga kiruvchi zamonaviy matn muxarriridir.",
    "image": "",
    "exam": 6
  }
},
{
  "model": "exams.question",
  "pk": 33,
  "fields": {
    "text": "…— bitta chiziqda yozilgan so‘zlar, harflar yoki belgilar ketma ketligi.",
    "image": "",
    "exam": 6
  }
},
{
  "model": "exams.question",
  "pk": 34,
  "fields": {
    "text": "…- mavjud matnli hujjatni o‘zgartirish, unga  qo‘shish, o‘chirish, matnni boitish va hokazo kabi amallar bajariladi.",
    "image": "",
    "exam": 6
  }
},
{
  "model": "exams.question",
  "pk": 35,
  "fields": {
    "text": "…- hujjatlarni rasmiylashtirish uchun kerak va bu amalning buyruqlari hujjatning ekrandagi yoki qog‘ozdagiko‘rinishini aniqlaydi.",
    "image": "",
    "exam": 6
  }
},
{
  "model": "exams.question",
  "pk": 36,
  "fields": {
    "text": "Word matn muharriri imkoniyatlari ko’rsatilgan qatorni toping.",
    "image": "",
    "exam": 6
  }
},
{
  "model": "exams.question",
  "pk": 37,
  "fields": {
    "text": "Satr boshiga … tugma orqali o’tiladi",
    "image": "",
    "exam": 6
  }
},
{
  "model": "exams.question",
  "pk": 38,
  "fields": {
    "text": "Satr oxiriga … tugma orqali o’tiladi",
    "image": "",
    "exam": 6
  }
},
{
  "model": "exams.question",
  "pk": 39,
  "fields": {
    "text": "Bir sahifadan ikkinchisiga … va … klavishlari yordamida o’tiladi.",
    "image": "",
    "exam": 6
  }
},
{
  "model": "exams.question",
  "pk": 40,
  "fields": {
    "text": "…-sonning absolyut qiymatini hisoblaydi",
    "image": "",
    "exam": 7
  }
},
{
  "model": "exams.question",
  "pk": 41,
  "fields": {
    "text": "…-Sonning kvadrat ildizini hisoblaydi.",
    "image": "",
    "exam": 7
  }
},
{
  "model": "exams.question",
  "pk": 42,
  "fields": {
    "text": "…-Sonni bo’luvchiga bo’lgandagi qoldiqni hisoblaydi",
    "image": "",
    "exam": 7
  }
},
{
  "model": "exams.question",
  "pk": 43,
  "fields": {
    "text": "…-sonni darajaga ko’taradi.",
    "image": "",
    "exam": 7
  }
},
{
  "model": "exams.question",
  "pk": 44,
  "fields": {
    "text": "…-katakchalar blokidagi qiymatlarning yig’indisini hisoblaydi.",
    "image": "",
    "exam": 7
  }
},
{
  "model": "exams.question",
  "pk": 45,
  "fields": {
    "text": "…kichik butun songacha yaxlitlaydi",
    "image": "",
    "exam": 7
  }
},
{
  "model": "exams.question",
  "pk": 46,
  "fields": {
    "text": "…- ko’rsatilgan yacheykadagi sonlarning eng katta qiymatini ainqlaydi",
    "image": "",
    "exam": 7
  }
},
{
  "model": "exams.question",
  "pk": 47,
  "fields": {
    "text": "…- ko’rsatilgan yacheykadagi sonlarning o’rta arifmetik qiymatini aniqlaydi.",
    "image": "",
    "exam": 7
  }
},
{
  "model": "exams.question",
  "pk": 48,
  "fields": {
    "text": "…-Shartni qanoatlantiruvchi blokning bo’sh bo’lmagan katakchalari sonini sanaydi.",
    "image": "",
    "exam": 7
  }
},
{
  "model": "exams.question",
  "pk": 49,
  "fields": {
    "text": "…- Matndagi belgilar sonini sanaydi.",
    "image": "",
    "exam": 7
  }
},
{
  "model": "exams.question",
  "pk": 50,
  "fields": {
    "text": "Agar taqdimot jarayonida (PowerPoint dasturida) Esc tugmasi bosilsa nima hodisa ro’y beradi?",
    "image": "",
    "exam": 8
  }
},
{
  "model": "exams.question",
  "pk": 51,
  "fields": {
    "text": "Agar rasmda ko’rsatilgan obyektni yashil rangdagi nuqtasidan sichqoncha yordamida u yoki bu tarafga surilsa nima hodisa ro’y beradi?",
    "image": "questions/images/2023-04-02/ff.jpg",
    "exam": 8
  }
},
{
  "model": "exams.question",
  "pk": 52,
  "fields": {
    "text": "Microsoft PowerPoint dasturida yaratilgan fayllar qanday ataladi?",
    "image": "",
    "exam": 8
  }
},
{
  "model": "exams.question",
  "pk": 53,
  "fields": {
    "text": "Microsoft PowerPoint dasturida qo’yidagi tugmalardan qaysi biridan foydalanib slaydga jadval qo’yish mumkin?",
    "image": "questions/images/2023-04-02/dd.jpg",
    "exam": 8
  }
},
{
  "model": "exams.question",
  "pk": 54,
  "fields": {
    "text": "«*.ppt» kengaytmali fayl ustida sichqonchaning chap tugmasi ikki marta bosilsa nima bo’ladi",
    "image": "",
    "exam": 8
  }
},
{
  "model": "exams.question",
  "pk": 55,
  "fields": {
    "text": "Microsoft Power Point dasturi imkoniyatlari to’gri berilgan qatorni toping?",
    "image": "",
    "exam": 8
  }
},
{
  "model": "exams.question",
  "pk": 56,
  "fields": {
    "text": "Power Point interfeysi nimalardan iborat?",
    "image": "",
    "exam": 8
  }
},
{
  "model": "exams.question",
  "pk": 58,
  "fields": {
    "text": "Gipermurojaat (ingl.hyperlink, rus. гиперссылка) nima",
    "image": "",
    "exam": 8
  }
},
{
  "model": "exams.question",
  "pk": 59,
  "fields": {
    "text": "Slayd nima?",
    "image": "",
    "exam": 8
  }
},
{
  "model": "exams.question",
  "pk": 60,
  "fields": {
    "text": "Microsoft PowerPoint dasturida qo’yidagi tugmalardan qaysi biridan foydalanib slaydga vedio qo’yish mumkin?",
    "image": "questions/images/2023-04-02/dd_MxYZkTq.jpg",
    "exam": 8
  }
},
{
  "model": "exams.question",
  "pk": 61,
  "fields": {
    "text": "Asosiy Access obyektlarini aniqlang",
    "image": "",
    "exam": 9
  }
},
{
  "model": "exams.question",
  "pk": 62,
  "fields": {
    "text": "MOBT nima?",
    "image": "",
    "exam": 9
  }
},
{
  "model": "exams.question",
  "pk": 63,
  "fields": {
    "text": "Ma’lumotlar bazasi fayli kengaytmasini aniqlang",
    "image": "",
    "exam": 9
  }
},
{
  "model": "exams.question",
  "pk": 64,
  "fields": {
    "text": "Ma’lumotlar bazasidan SELECT nima vazifani bajaradi",
    "image": "",
    "exam": 9
  }
},
{
  "model": "exams.question",
  "pk": 65,
  "fields": {
    "text": "Таблицы, Запроцы,                          Формы,Страницы, Отчеты va  Макрослар Access uchun nima bo’lib hisoblanadi",
    "image": "",
    "exam": 9
  }
},
{
  "model": "exams.question",
  "pk": 66,
  "fields": {
    "text": "Ma'lumotlarni saqlashga mo'ljallangan Access dasturi elementi",
    "image": "",
    "exam": 9
  }
},
{
  "model": "exams.question",
  "pk": 67,
  "fields": {
    "text": "Talab qilingan ma'lumotlarnigina qidirish va ajratib olishga hizmat qiluvchi Access dasturi elementi",
    "image": "",
    "exam": 9
  }
},
{
  "model": "exams.question",
  "pk": 68,
  "fields": {
    "text": "MB jadvalidagi ma'lumotlarni ko'rish, ularga qo'shimchalar qilish va ularni o'zlashtirishga qaratilgan Access dasturi elementi",
    "image": "",
    "exam": 9
  }
},
{
  "model": "exams.question",
  "pk": 69,
  "fields": {
    "text": "2.\tMa’lumotlarning  qanday modellari mavjud?",
    "image": "",
    "exam": 9
  }
},
{
  "model": "exams.question",
  "pk": 70,
  "fields": {
    "text": "8.\tMohiyatl aloqa modelining turlarini to’g’ri tanlang.",
    "image": "",
    "exam": 9
  }
},
{
  "model": "exams.question",
  "pk": 71,
  "fields": {
    "text": "Kompyuter grafikasi nima?",
    "image": "",
    "exam": 10
  }
},
{
  "model": "exams.question",
  "pk": 72,
  "fields": {
    "text": "Rastrli grafika asosini nima tashkil qiladi",
    "image": "",
    "exam": 10
  }
},
{
  "model": "exams.question",
  "pk": 73,
  "fields": {
    "text": "Vektor grafika asosini nima tashkil qiladi",
    "image": "",
    "exam": 10
  }
},
{
  "model": "exams.question",
  "pk": 74,
  "fields": {
    "text": "Piksel nima?",
    "image": "",
    "exam": 10
  }
},
{
  "model": "exams.question",
  "pk": 75,
  "fields": {
    "text": "CorelDRAW muxarririda fayllarning kengaytmasi?",
    "image": "",
    "exam": 10
  }
},
{
  "model": "exams.question",
  "pk": 76,
  "fields": {
    "text": "RGB ranglar modelida komponetalar sifatida asosan quyidagi ranglar ishlatiladi …",
    "image": "",
    "exam": 10
  }
},
{
  "model": "exams.question",
  "pk": 77,
  "fields": {
    "text": "CorelDRAW dasturida «Asboblar paneli» nima vazifani bajaradi?",
    "image": "",
    "exam": 10
  }
},
{
  "model": "exams.question",
  "pk": 78,
  "fields": {
    "text": "Ellips ob’yekti uchun xususiyatlar panelida qanday tugmalar paydo bo’ladi ?",
    "image": "",
    "exam": 10
  }
},
{
  "model": "exams.question",
  "pk": 79,
  "fields": {
    "text": "Standart figuralar chizish asbobini toping",
    "image": "",
    "exam": 10
  }
},
{
  "model": "exams.question",
  "pk": 80,
  "fields": {
    "text": "To’rtburchak burchaklarini aylanaga aylantirish uchun:",
    "image": "",
    "exam": 10
  }
},
{
  "model": "exams.variant",
  "pk": 18,
  "fields": {
    "text": "Tizim bloki,monitor, klaviatura",
    "is_correct": true,
    "question": 6
  }
},
{
  "model": "exams.variant",
  "pk": 19,
  "fields": {
    "text": "Tizim bloki, monitor, klaviatura,sichqoncha,skaner",
    "is_correct": false,
    "question": 6
  }
},
{
  "model": "exams.variant",
  "pk": 20,
  "fields": {
    "text": "Tizim bloki,monitor, klaviatura,skaner",
    "is_correct": false,
    "question": 6
  }
},
{
  "model": "exams.variant",
  "pk": 21,
  "fields": {
    "text": "Tizim bloki,monitor, klaviatura,printer",
    "is_correct": false,
    "question": 6
  }
},
{
  "model": "exams.variant",
  "pk": 22,
  "fields": {
    "text": "Mikroprotsessor yoki protsessor",
    "is_correct": true,
    "question": 7
  }
},
{
  "model": "exams.variant",
  "pk": 23,
  "fields": {
    "text": "Qattiq disk",
    "is_correct": false,
    "question": 7
  }
},
{
  "model": "exams.variant",
  "pk": 24,
  "fields": {
    "text": "Asosiy plata (onaplata)",
    "is_correct": false,
    "question": 7
  }
},
{
  "model": "exams.variant",
  "pk": 25,
  "fields": {
    "text": "Elektr ta’minlovchi blok",
    "is_correct": false,
    "question": 7
  }
},
{
  "model": "exams.variant",
  "pk": 26,
  "fields": {
    "text": "Qatttiq disk",
    "is_correct": true,
    "question": 8
  }
},
{
  "model": "exams.variant",
  "pk": 27,
  "fields": {
    "text": "Mikroprotsessor yoki protsessor",
    "is_correct": false,
    "question": 8
  }
},
{
  "model": "exams.variant",
  "pk": 28,
  "fields": {
    "text": "Kesh xotira",
    "is_correct": false,
    "question": 8
  }
},
{
  "model": "exams.variant",
  "pk": 29,
  "fields": {
    "text": "Operativ xotira",
    "is_correct": false,
    "question": 8
  }
},
{
  "model": "exams.variant",
  "pk": 34,
  "fields": {
    "text": "Kesh xotira",
    "is_correct": true,
    "question": 10
  }
},
{
  "model": "exams.variant",
  "pk": 35,
  "fields": {
    "text": "Mikroprotsessor yoki protsessor",
    "is_correct": false,
    "question": 10
  }
},
{
  "model": "exams.variant",
  "pk": 36,
  "fields": {
    "text": "operativ xotira",
    "is_correct": false,
    "question": 10
  }
},
{
  "model": "exams.variant",
  "pk": 37,
  "fields": {
    "text": "Qatttiq disk",
    "is_correct": false,
    "question": 10
  }
},
{
  "model": "exams.variant",
  "pk": 38,
  "fields": {
    "text": "Kotroller yoki adapterlar",
    "is_correct": true,
    "question": 11
  }
},
{
  "model": "exams.variant",
  "pk": 39,
  "fields": {
    "text": "Ona platata",
    "is_correct": false,
    "question": 11
  }
},
{
  "model": "exams.variant",
  "pk": 40,
  "fields": {
    "text": "Qattiq disk",
    "is_correct": false,
    "question": 11
  }
},
{
  "model": "exams.variant",
  "pk": 41,
  "fields": {
    "text": "Mikroprotsessor yoki protsessor",
    "is_correct": false,
    "question": 11
  }
},
{
  "model": "exams.variant",
  "pk": 42,
  "fields": {
    "text": "Disk yurutuvchilari",
    "is_correct": true,
    "question": 12
  }
},
{
  "model": "exams.variant",
  "pk": 43,
  "fields": {
    "text": "Qattiq disk",
    "is_correct": false,
    "question": 12
  }
},
{
  "model": "exams.variant",
  "pk": 44,
  "fields": {
    "text": "Kontroller yoki adapterlar",
    "is_correct": false,
    "question": 12
  }
},
{
  "model": "exams.variant",
  "pk": 45,
  "fields": {
    "text": "Vinchester",
    "is_correct": false,
    "question": 12
  }
},
{
  "model": "exams.variant",
  "pk": 46,
  "fields": {
    "text": "Elektr ta’minlovchi blok",
    "is_correct": true,
    "question": 13
  }
},
{
  "model": "exams.variant",
  "pk": 47,
  "fields": {
    "text": "Mikroprotsessor yoki protsessor",
    "is_correct": false,
    "question": 13
  }
},
{
  "model": "exams.variant",
  "pk": 48,
  "fields": {
    "text": "Qatttiq disk",
    "is_correct": false,
    "question": 13
  }
},
{
  "model": "exams.variant",
  "pk": 49,
  "fields": {
    "text": "Kotroller yoki adapterlar",
    "is_correct": false,
    "question": 13
  }
},
{
  "model": "exams.variant",
  "pk": 50,
  "fields": {
    "text": "Printer",
    "is_correct": false,
    "question": 14
  }
},
{
  "model": "exams.variant",
  "pk": 51,
  "fields": {
    "text": "Monitor",
    "is_correct": true,
    "question": 14
  }
},
{
  "model": "exams.variant",
  "pk": 52,
  "fields": {
    "text": "Skaner",
    "is_correct": false,
    "question": 14
  }
},
{
  "model": "exams.variant",
  "pk": 53,
  "fields": {
    "text": "Klaviatura",
    "is_correct": false,
    "question": 14
  }
},
{
  "model": "exams.variant",
  "pk": 62,
  "fields": {
    "text": "Printer",
    "is_correct": true,
    "question": 17
  }
},
{
  "model": "exams.variant",
  "pk": 63,
  "fields": {
    "text": "Skaner",
    "is_correct": false,
    "question": 17
  }
},
{
  "model": "exams.variant",
  "pk": 64,
  "fields": {
    "text": "Modem",
    "is_correct": false,
    "question": 17
  }
},
{
  "model": "exams.variant",
  "pk": 65,
  "fields": {
    "text": "To’g’ri javob yo’q",
    "is_correct": false,
    "question": 17
  }
},
{
  "model": "exams.variant",
  "pk": 70,
  "fields": {
    "text": "Skaner, modem, printer",
    "is_correct": false,
    "question": 19
  }
},
{
  "model": "exams.variant",
  "pk": 71,
  "fields": {
    "text": "Klaviatura, skaner, printer",
    "is_correct": false,
    "question": 19
  }
},
{
  "model": "exams.variant",
  "pk": 72,
  "fields": {
    "text": "Monitor, skaner, modem,printer",
    "is_correct": false,
    "question": 19
  }
},
{
  "model": "exams.variant",
  "pk": 73,
  "fields": {
    "text": "Tizim bloki,monitor, klaviatura",
    "is_correct": true,
    "question": 19
  }
},
{
  "model": "exams.variant",
  "pk": 74,
  "fields": {
    "text": "70%",
    "is_correct": true,
    "question": 20
  }
},
{
  "model": "exams.variant",
  "pk": 75,
  "fields": {
    "text": "80%",
    "is_correct": false,
    "question": 20
  }
},
{
  "model": "exams.variant",
  "pk": 76,
  "fields": {
    "text": "75%",
    "is_correct": false,
    "question": 20
  }
},
{
  "model": "exams.variant",
  "pk": 77,
  "fields": {
    "text": "100%",
    "is_correct": false,
    "question": 20
  }
},
{
  "model": "exams.variant",
  "pk": 78,
  "fields": {
    "text": "1983",
    "is_correct": false,
    "question": 21
  }
},
{
  "model": "exams.variant",
  "pk": 79,
  "fields": {
    "text": "1981",
    "is_correct": true,
    "question": 21
  }
},
{
  "model": "exams.variant",
  "pk": 80,
  "fields": {
    "text": "1987",
    "is_correct": false,
    "question": 21
  }
},
{
  "model": "exams.variant",
  "pk": 81,
  "fields": {
    "text": "1978",
    "is_correct": false,
    "question": 21
  }
},
{
  "model": "exams.variant",
  "pk": 82,
  "fields": {
    "text": "1995",
    "is_correct": false,
    "question": 22
  }
},
{
  "model": "exams.variant",
  "pk": 83,
  "fields": {
    "text": "1991",
    "is_correct": true,
    "question": 22
  }
},
{
  "model": "exams.variant",
  "pk": 84,
  "fields": {
    "text": "1993",
    "is_correct": false,
    "question": 22
  }
},
{
  "model": "exams.variant",
  "pk": 85,
  "fields": {
    "text": "1990",
    "is_correct": false,
    "question": 22
  }
},
{
  "model": "exams.variant",
  "pk": 86,
  "fields": {
    "text": "2001",
    "is_correct": true,
    "question": 23
  }
},
{
  "model": "exams.variant",
  "pk": 87,
  "fields": {
    "text": "1981",
    "is_correct": false,
    "question": 23
  }
},
{
  "model": "exams.variant",
  "pk": 88,
  "fields": {
    "text": "1996",
    "is_correct": false,
    "question": 23
  }
},
{
  "model": "exams.variant",
  "pk": 89,
  "fields": {
    "text": "1998",
    "is_correct": false,
    "question": 23
  }
},
{
  "model": "exams.variant",
  "pk": 90,
  "fields": {
    "text": "MS DOS operatsion sistemasi",
    "is_correct": true,
    "question": 24
  }
},
{
  "model": "exams.variant",
  "pk": 91,
  "fields": {
    "text": "CP/M-80 operatsion sistemasi",
    "is_correct": false,
    "question": 24
  }
},
{
  "model": "exams.variant",
  "pk": 92,
  "fields": {
    "text": "Windows 3,1 operatsion sistemasi",
    "is_correct": false,
    "question": 24
  }
},
{
  "model": "exams.variant",
  "pk": 93,
  "fields": {
    "text": "To’g’ri javob yo’q",
    "is_correct": false,
    "question": 24
  }
},
{
  "model": "exams.variant",
  "pk": 94,
  "fields": {
    "text": "Geri Kildell",
    "is_correct": true,
    "question": 25
  }
},
{
  "model": "exams.variant",
  "pk": 95,
  "fields": {
    "text": "Bill Geyts",
    "is_correct": false,
    "question": 25
  }
},
{
  "model": "exams.variant",
  "pk": 96,
  "fields": {
    "text": "Pol Allen",
    "is_correct": false,
    "question": 25
  }
},
{
  "model": "exams.variant",
  "pk": 97,
  "fields": {
    "text": "To’g’ri javob yo’q",
    "is_correct": false,
    "question": 25
  }
},
{
  "model": "exams.variant",
  "pk": 98,
  "fields": {
    "text": "MS-DOS, Windows",
    "is_correct": true,
    "question": 26
  }
},
{
  "model": "exams.variant",
  "pk": 99,
  "fields": {
    "text": "MS-DOS, Unix",
    "is_correct": false,
    "question": 26
  }
},
{
  "model": "exams.variant",
  "pk": 100,
  "fields": {
    "text": "Windows, Linux",
    "is_correct": false,
    "question": 26
  }
},
{
  "model": "exams.variant",
  "pk": 101,
  "fields": {
    "text": "Unix, Linux",
    "is_correct": false,
    "question": 26
  }
},
{
  "model": "exams.variant",
  "pk": 102,
  "fields": {
    "text": "1987",
    "is_correct": true,
    "question": 27
  }
},
{
  "model": "exams.variant",
  "pk": 103,
  "fields": {
    "text": "1984",
    "is_correct": false,
    "question": 27
  }
},
{
  "model": "exams.variant",
  "pk": 104,
  "fields": {
    "text": "1991",
    "is_correct": false,
    "question": 27
  }
},
{
  "model": "exams.variant",
  "pk": 105,
  "fields": {
    "text": "1995",
    "is_correct": false,
    "question": 27
  }
},
{
  "model": "exams.variant",
  "pk": 106,
  "fields": {
    "text": "F6",
    "is_correct": false,
    "question": 28
  }
},
{
  "model": "exams.variant",
  "pk": 107,
  "fields": {
    "text": "F2",
    "is_correct": true,
    "question": 28
  }
},
{
  "model": "exams.variant",
  "pk": 108,
  "fields": {
    "text": "F!",
    "is_correct": false,
    "question": 28
  }
},
{
  "model": "exams.variant",
  "pk": 109,
  "fields": {
    "text": "F9",
    "is_correct": false,
    "question": 28
  }
},
{
  "model": "exams.variant",
  "pk": 110,
  "fields": {
    "text": "bu maxsus dastur bo’lib, bu dasturning asosiy vazifasi - kompyuter ishini boshqarishdir",
    "is_correct": false,
    "question": 29
  }
},
{
  "model": "exams.variant",
  "pk": 111,
  "fields": {
    "text": "kompyuter va foydalanuvchi o’rtasida muloqotni o’rnatishdir",
    "is_correct": false,
    "question": 29
  }
},
{
  "model": "exams.variant",
  "pk": 112,
  "fields": {
    "text": "tashqi qurilmalar bilan ishlash holatlarini sozlash va ular bilan muloqotni o’rnatish, har xil dasturlarni ishga tushirish va ularning ishlash holatlarini ta‘minlashga xizmat qilishdir",
    "is_correct": false,
    "question": 29
  }
},
{
  "model": "exams.variant",
  "pk": 113,
  "fields": {
    "text": "barcha javob to'g'ri",
    "is_correct": true,
    "question": 29
  }
},
{
  "model": "exams.variant",
  "pk": 114,
  "fields": {
    "text": "Matn muharrirlari",
    "is_correct": true,
    "question": 30
  }
},
{
  "model": "exams.variant",
  "pk": 115,
  "fields": {
    "text": "Matn protsessorlari",
    "is_correct": false,
    "question": 30
  }
},
{
  "model": "exams.variant",
  "pk": 116,
  "fields": {
    "text": "Matn kirituvchilari",
    "is_correct": false,
    "question": 30
  }
},
{
  "model": "exams.variant",
  "pk": 117,
  "fields": {
    "text": "To’g’ri javob yo’q",
    "is_correct": false,
    "question": 30
  }
},
{
  "model": "exams.variant",
  "pk": 118,
  "fields": {
    "text": "Matn protsessorlari",
    "is_correct": true,
    "question": 31
  }
},
{
  "model": "exams.variant",
  "pk": 119,
  "fields": {
    "text": "Matn muharrirlari",
    "is_correct": false,
    "question": 31
  }
},
{
  "model": "exams.variant",
  "pk": 120,
  "fields": {
    "text": "Matn kirituvchilari",
    "is_correct": false,
    "question": 31
  }
},
{
  "model": "exams.variant",
  "pk": 121,
  "fields": {
    "text": "To’g’ri javob yo’q",
    "is_correct": false,
    "question": 31
  }
},
{
  "model": "exams.variant",
  "pk": 122,
  "fields": {
    "text": "MS Word",
    "is_correct": true,
    "question": 32
  }
},
{
  "model": "exams.variant",
  "pk": 123,
  "fields": {
    "text": "MS Excel",
    "is_correct": false,
    "question": 32
  }
},
{
  "model": "exams.variant",
  "pk": 124,
  "fields": {
    "text": "Power point",
    "is_correct": false,
    "question": 32
  }
},
{
  "model": "exams.variant",
  "pk": 125,
  "fields": {
    "text": "Paint",
    "is_correct": false,
    "question": 32
  }
},
{
  "model": "exams.variant",
  "pk": 126,
  "fields": {
    "text": "Satr",
    "is_correct": true,
    "question": 33
  }
},
{
  "model": "exams.variant",
  "pk": 127,
  "fields": {
    "text": "Hoshiya",
    "is_correct": false,
    "question": 33
  }
},
{
  "model": "exams.variant",
  "pk": 128,
  "fields": {
    "text": "Matn",
    "is_correct": false,
    "question": 33
  }
},
{
  "model": "exams.variant",
  "pk": 129,
  "fields": {
    "text": "Format",
    "is_correct": false,
    "question": 33
  }
},
{
  "model": "exams.variant",
  "pk": 130,
  "fields": {
    "text": "Kiritish amali",
    "is_correct": false,
    "question": 34
  }
},
{
  "model": "exams.variant",
  "pk": 131,
  "fields": {
    "text": "Tahrirlash amali",
    "is_correct": true,
    "question": 34
  }
},
{
  "model": "exams.variant",
  "pk": 132,
  "fields": {
    "text": "Formatlash amali",
    "is_correct": false,
    "question": 34
  }
},
{
  "model": "exams.variant",
  "pk": 133,
  "fields": {
    "text": "To’g’ri javob yo’q",
    "is_correct": false,
    "question": 34
  }
},
{
  "model": "exams.variant",
  "pk": 134,
  "fields": {
    "text": "Tahrirlash amali",
    "is_correct": false,
    "question": 35
  }
},
{
  "model": "exams.variant",
  "pk": 135,
  "fields": {
    "text": "Formatlash amali",
    "is_correct": true,
    "question": 35
  }
},
{
  "model": "exams.variant",
  "pk": 136,
  "fields": {
    "text": "Kiritish amali",
    "is_correct": false,
    "question": 35
  }
},
{
  "model": "exams.variant",
  "pk": 137,
  "fields": {
    "text": "To’g’ri javob yo’q",
    "is_correct": false,
    "question": 35
  }
},
{
  "model": "exams.variant",
  "pk": 138,
  "fields": {
    "text": "matnni kiritish, tahrir qilish va ko‘zdan kechirish, qator oraliqlari abzatsini o‘rnatish",
    "is_correct": false,
    "question": 36
  }
},
{
  "model": "exams.variant",
  "pk": 139,
  "fields": {
    "text": "matematik, kimyoviy formulalarni yozish",
    "is_correct": false,
    "question": 36
  }
},
{
  "model": "exams.variant",
  "pk": 140,
  "fields": {
    "text": "Barcha javoblar to’g’ri",
    "is_correct": true,
    "question": 36
  }
},
{
  "model": "exams.variant",
  "pk": 141,
  "fields": {
    "text": "matn qismini ajratish va uni kerakli joyga nusxalash,hujjat mundarijasini tuzish;",
    "is_correct": false,
    "question": 36
  }
},
{
  "model": "exams.variant",
  "pk": 142,
  "fields": {
    "text": "Page Up",
    "is_correct": false,
    "question": 37
  }
},
{
  "model": "exams.variant",
  "pk": 143,
  "fields": {
    "text": "Home",
    "is_correct": true,
    "question": 37
  }
},
{
  "model": "exams.variant",
  "pk": 144,
  "fields": {
    "text": "End",
    "is_correct": false,
    "question": 37
  }
},
{
  "model": "exams.variant",
  "pk": 145,
  "fields": {
    "text": "Page Down",
    "is_correct": false,
    "question": 37
  }
},
{
  "model": "exams.variant",
  "pk": 146,
  "fields": {
    "text": "Home",
    "is_correct": false,
    "question": 38
  }
},
{
  "model": "exams.variant",
  "pk": 147,
  "fields": {
    "text": "Page Up",
    "is_correct": false,
    "question": 38
  }
},
{
  "model": "exams.variant",
  "pk": 148,
  "fields": {
    "text": "Page Down",
    "is_correct": false,
    "question": 38
  }
},
{
  "model": "exams.variant",
  "pk": 149,
  "fields": {
    "text": "End",
    "is_correct": true,
    "question": 38
  }
},
{
  "model": "exams.variant",
  "pk": 150,
  "fields": {
    "text": "Page Up, End",
    "is_correct": false,
    "question": 39
  }
},
{
  "model": "exams.variant",
  "pk": 151,
  "fields": {
    "text": "Page Dn, Home",
    "is_correct": false,
    "question": 39
  }
},
{
  "model": "exams.variant",
  "pk": 152,
  "fields": {
    "text": "Home, End",
    "is_correct": false,
    "question": 39
  }
},
{
  "model": "exams.variant",
  "pk": 153,
  "fields": {
    "text": "Page Up ,Page Dn",
    "is_correct": true,
    "question": 39
  }
},
{
  "model": "exams.variant",
  "pk": 154,
  "fields": {
    "text": "ABS",
    "is_correct": true,
    "question": 40
  }
},
{
  "model": "exams.variant",
  "pk": 155,
  "fields": {
    "text": "Знак",
    "is_correct": false,
    "question": 40
  }
},
{
  "model": "exams.variant",
  "pk": 156,
  "fields": {
    "text": "Корен",
    "is_correct": false,
    "question": 40
  }
},
{
  "model": "exams.variant",
  "pk": 157,
  "fields": {
    "text": "Остат",
    "is_correct": false,
    "question": 40
  }
},
{
  "model": "exams.variant",
  "pk": 158,
  "fields": {
    "text": "ABS",
    "is_correct": false,
    "question": 41
  }
},
{
  "model": "exams.variant",
  "pk": 159,
  "fields": {
    "text": "Знак",
    "is_correct": false,
    "question": 41
  }
},
{
  "model": "exams.variant",
  "pk": 160,
  "fields": {
    "text": "Корен",
    "is_correct": true,
    "question": 41
  }
},
{
  "model": "exams.variant",
  "pk": 161,
  "fields": {
    "text": "Остат",
    "is_correct": false,
    "question": 41
  }
},
{
  "model": "exams.variant",
  "pk": 162,
  "fields": {
    "text": "ABS",
    "is_correct": false,
    "question": 42
  }
},
{
  "model": "exams.variant",
  "pk": 163,
  "fields": {
    "text": "Остат",
    "is_correct": true,
    "question": 42
  }
},
{
  "model": "exams.variant",
  "pk": 164,
  "fields": {
    "text": "Знак",
    "is_correct": false,
    "question": 42
  }
},
{
  "model": "exams.variant",
  "pk": 165,
  "fields": {
    "text": "Корен",
    "is_correct": false,
    "question": 42
  }
},
{
  "model": "exams.variant",
  "pk": 166,
  "fields": {
    "text": "ABS",
    "is_correct": false,
    "question": 43
  }
},
{
  "model": "exams.variant",
  "pk": 167,
  "fields": {
    "text": "Знак",
    "is_correct": false,
    "question": 43
  }
},
{
  "model": "exams.variant",
  "pk": 168,
  "fields": {
    "text": "Степень",
    "is_correct": true,
    "question": 43
  }
},
{
  "model": "exams.variant",
  "pk": 169,
  "fields": {
    "text": "Корен",
    "is_correct": false,
    "question": 43
  }
},
{
  "model": "exams.variant",
  "pk": 170,
  "fields": {
    "text": "Сумм",
    "is_correct": true,
    "question": 44
  }
},
{
  "model": "exams.variant",
  "pk": 171,
  "fields": {
    "text": "Целое",
    "is_correct": false,
    "question": 44
  }
},
{
  "model": "exams.variant",
  "pk": 172,
  "fields": {
    "text": "Знак",
    "is_correct": false,
    "question": 44
  }
},
{
  "model": "exams.variant",
  "pk": 173,
  "fields": {
    "text": "Корен",
    "is_correct": false,
    "question": 44
  }
},
{
  "model": "exams.variant",
  "pk": 174,
  "fields": {
    "text": "Целое",
    "is_correct": false,
    "question": 45
  }
},
{
  "model": "exams.variant",
  "pk": 175,
  "fields": {
    "text": "ABS",
    "is_correct": false,
    "question": 45
  }
},
{
  "model": "exams.variant",
  "pk": 176,
  "fields": {
    "text": "Знак",
    "is_correct": false,
    "question": 45
  }
},
{
  "model": "exams.variant",
  "pk": 177,
  "fields": {
    "text": "Корен",
    "is_correct": false,
    "question": 45
  }
},
{
  "model": "exams.variant",
  "pk": 178,
  "fields": {
    "text": "Мин",
    "is_correct": false,
    "question": 46
  }
},
{
  "model": "exams.variant",
  "pk": 179,
  "fields": {
    "text": "Срзнач",
    "is_correct": false,
    "question": 46
  }
},
{
  "model": "exams.variant",
  "pk": 180,
  "fields": {
    "text": "Макс",
    "is_correct": true,
    "question": 46
  }
},
{
  "model": "exams.variant",
  "pk": 181,
  "fields": {
    "text": "Счетесли",
    "is_correct": false,
    "question": 46
  }
},
{
  "model": "exams.variant",
  "pk": 182,
  "fields": {
    "text": "Мин",
    "is_correct": false,
    "question": 47
  }
},
{
  "model": "exams.variant",
  "pk": 183,
  "fields": {
    "text": "Макс",
    "is_correct": false,
    "question": 47
  }
},
{
  "model": "exams.variant",
  "pk": 184,
  "fields": {
    "text": "Срзнач",
    "is_correct": true,
    "question": 47
  }
},
{
  "model": "exams.variant",
  "pk": 185,
  "fields": {
    "text": "Счетесли",
    "is_correct": false,
    "question": 47
  }
},
{
  "model": "exams.variant",
  "pk": 186,
  "fields": {
    "text": "Мин",
    "is_correct": false,
    "question": 48
  }
},
{
  "model": "exams.variant",
  "pk": 187,
  "fields": {
    "text": "Макс",
    "is_correct": false,
    "question": 48
  }
},
{
  "model": "exams.variant",
  "pk": 188,
  "fields": {
    "text": "Счетесли",
    "is_correct": true,
    "question": 48
  }
},
{
  "model": "exams.variant",
  "pk": 189,
  "fields": {
    "text": "Срзнач",
    "is_correct": false,
    "question": 48
  }
},
{
  "model": "exams.variant",
  "pk": 190,
  "fields": {
    "text": "ДЛСТР",
    "is_correct": true,
    "question": 49
  }
},
{
  "model": "exams.variant",
  "pk": 191,
  "fields": {
    "text": "ЗНАЧЕН",
    "is_correct": false,
    "question": 49
  }
},
{
  "model": "exams.variant",
  "pk": 192,
  "fields": {
    "text": "СТЕПИТЬ",
    "is_correct": false,
    "question": 49
  }
},
{
  "model": "exams.variant",
  "pk": 193,
  "fields": {
    "text": "ЛЕВСИМВ",
    "is_correct": false,
    "question": 49
  }
},
{
  "model": "exams.variant",
  "pk": 194,
  "fields": {
    "text": "PowerPoint dasturi yopiladi",
    "is_correct": false,
    "question": 50
  }
},
{
  "model": "exams.variant",
  "pk": 195,
  "fields": {
    "text": "Taqdimot namoyisi yopiladi.",
    "is_correct": true,
    "question": 50
  }
},
{
  "model": "exams.variant",
  "pk": 196,
  "fields": {
    "text": "Navbatdagi slayd ko’rinadi",
    "is_correct": false,
    "question": 50
  }
},
{
  "model": "exams.variant",
  "pk": 197,
  "fields": {
    "text": "Oldingi slayd ko’rinadi",
    "is_correct": false,
    "question": 50
  }
},
{
  "model": "exams.variant",
  "pk": 198,
  "fields": {
    "text": "Yozuv qiyaligi o’zgaradi.",
    "is_correct": true,
    "question": 51
  }
},
{
  "model": "exams.variant",
  "pk": 199,
  "fields": {
    "text": "Yozuv o’lchami o’zgaradi",
    "is_correct": false,
    "question": 51
  }
},
{
  "model": "exams.variant",
  "pk": 200,
  "fields": {
    "text": "Yozuv shrifti o’zgaradi",
    "is_correct": false,
    "question": 51
  }
},
{
  "model": "exams.variant",
  "pk": 201,
  "fields": {
    "text": "Yozuv o’rni o’zgaradi",
    "is_correct": false,
    "question": 51
  }
},
{
  "model": "exams.variant",
  "pk": 202,
  "fields": {
    "text": "Hujjat",
    "is_correct": false,
    "question": 52
  }
},
{
  "model": "exams.variant",
  "pk": 203,
  "fields": {
    "text": "jadval",
    "is_correct": false,
    "question": 52
  }
},
{
  "model": "exams.variant",
  "pk": 204,
  "fields": {
    "text": "Tasvir",
    "is_correct": false,
    "question": 52
  }
},
{
  "model": "exams.variant",
  "pk": 205,
  "fields": {
    "text": "Taqdimot",
    "is_correct": false,
    "question": 52
  }
},
{
  "model": "exams.variant",
  "pk": 206,
  "fields": {
    "text": "1",
    "is_correct": true,
    "question": 53
  }
},
{
  "model": "exams.variant",
  "pk": 207,
  "fields": {
    "text": "2",
    "is_correct": false,
    "question": 53
  }
},
{
  "model": "exams.variant",
  "pk": 208,
  "fields": {
    "text": "3",
    "is_correct": false,
    "question": 53
  }
},
{
  "model": "exams.variant",
  "pk": 209,
  "fields": {
    "text": "4",
    "is_correct": false,
    "question": 53
  }
},
{
  "model": "exams.variant",
  "pk": 210,
  "fields": {
    "text": "Microsoft Access dasturi ishga tushadi va unda tanlangan hujjat yuklanadi.",
    "is_correct": false,
    "question": 54
  }
},
{
  "model": "exams.variant",
  "pk": 211,
  "fields": {
    "text": "Microsoft Excel dasturi ishga tushadi va unda tanlangan hujjat yuklanadi.",
    "is_correct": false,
    "question": 54
  }
},
{
  "model": "exams.variant",
  "pk": 212,
  "fields": {
    "text": "Microsoft PowerPoint dasturi ishga tushadi va unda tanlangan hujjat yuklanadi.",
    "is_correct": true,
    "question": 54
  }
},
{
  "model": "exams.variant",
  "pk": 213,
  "fields": {
    "text": "Microsoft Word dasturi ishga tushadi va unda tanlangan hujjat yuklanadi.",
    "is_correct": false,
    "question": 54
  }
},
{
  "model": "exams.variant",
  "pk": 214,
  "fields": {
    "text": "Prezentatsion slaydlarni yaratish, Slaydlarni tahrirlash, Slaydlarni tahrirlash",
    "is_correct": false,
    "question": 55
  }
},
{
  "model": "exams.variant",
  "pk": 215,
  "fields": {
    "text": "Slaydlarda animatsiya effektlarini o‘rnatish, Slaydlarga audio va video fayllarni qo‘yish, Prezentatsiyani namoyish etish va boshqalardir.",
    "is_correct": false,
    "question": 55
  }
},
{
  "model": "exams.variant",
  "pk": 216,
  "fields": {
    "text": "Rasm, grafik, diagrammalarni o‘rnatish, Windows ilovalari hujjatlaridan foydalanish, Slaydlarda animatsiya effektlarini o‘rnatish",
    "is_correct": false,
    "question": 55
  }
},
{
  "model": "exams.variant",
  "pk": 217,
  "fields": {
    "text": "Barcha javoblar to’g’ri",
    "is_correct": false,
    "question": 55
  }
},
{
  "model": "exams.variant",
  "pk": 218,
  "fields": {
    "text": "sarlavhalar satri, menyular satri, uskunalar paneli",
    "is_correct": false,
    "question": 56
  }
},
{
  "model": "exams.variant",
  "pk": 219,
  "fields": {
    "text": "uskunalar paneli va ishchi maydoniga ega",
    "is_correct": false,
    "question": 56
  }
},
{
  "model": "exams.variant",
  "pk": 220,
  "fields": {
    "text": "sarlavhalar satri, menyular satri, ishchi maydoniga ega",
    "is_correct": false,
    "question": 56
  }
},
{
  "model": "exams.variant",
  "pk": 221,
  "fields": {
    "text": "sarlavhalar satri, menyular satri, uskunalar paneli, uskunalar paneli va ishchi maydoniga ega",
    "is_correct": false,
    "question": 56
  }
},
{
  "model": "exams.variant",
  "pk": 225,
  "fields": {
    "text": "hujjatning bir qismidan boshqa qismiga yoki boshqa hujjatga o'tish imkonini beruvchi murojaat",
    "is_correct": true,
    "question": 58
  }
},
{
  "model": "exams.variant",
  "pk": 226,
  "fields": {
    "text": "hujjatning bir qismini boshqa qismidan ajratish uchun mo’ljallagan murojat",
    "is_correct": false,
    "question": 58
  }
},
{
  "model": "exams.variant",
  "pk": 227,
  "fields": {
    "text": "Hujjatning aynan belgilangan qismini saqlash uchun mo’ljallangan murojaat",
    "is_correct": false,
    "question": 58
  }
},
{
  "model": "exams.variant",
  "pk": 228,
  "fields": {
    "text": "bu prezentatsiyani alohida kadri bo‘lib, matnni, sarlavhalarini grafik va diagrammalarni o‘z ichiga oladi",
    "is_correct": false,
    "question": 59
  }
},
{
  "model": "exams.variant",
  "pk": 229,
  "fields": {
    "text": "faqatgina diagrammalar bilan ishlashni o’z ichiga oladi",
    "is_correct": false,
    "question": 59
  }
},
{
  "model": "exams.variant",
  "pk": 230,
  "fields": {
    "text": "ma’lum bir o‘lchamga ega bo‘lgan muloqot varaqlari hisoblanadi.",
    "is_correct": false,
    "question": 59
  }
},
{
  "model": "exams.variant",
  "pk": 231,
  "fields": {
    "text": "A va C javoblar to’g’ri",
    "is_correct": false,
    "question": 59
  }
},
{
  "model": "exams.variant",
  "pk": 232,
  "fields": {
    "text": "6",
    "is_correct": true,
    "question": 60
  }
},
{
  "model": "exams.variant",
  "pk": 233,
  "fields": {
    "text": "4",
    "is_correct": false,
    "question": 60
  }
},
{
  "model": "exams.variant",
  "pk": 234,
  "fields": {
    "text": "3",
    "is_correct": false,
    "question": 60
  }
},
{
  "model": "exams.variant",
  "pk": 235,
  "fields": {
    "text": "1",
    "is_correct": false,
    "question": 60
  }
},
{
  "model": "exams.variant",
  "pk": 236,
  "fields": {
    "text": "So’rovlar,hisobotlar,shakllar,makroslar,jadvallar",
    "is_correct": true,
    "question": 61
  }
},
{
  "model": "exams.variant",
  "pk": 237,
  "fields": {
    "text": "So’rovlar,hisobotlar",
    "is_correct": false,
    "question": 61
  }
},
{
  "model": "exams.variant",
  "pk": 238,
  "fields": {
    "text": "Jadvallar, shakllar,hisobotlar",
    "is_correct": false,
    "question": 61
  }
},
{
  "model": "exams.variant",
  "pk": 239,
  "fields": {
    "text": "hisobotlar,shakllar,makroslar",
    "is_correct": false,
    "question": 61
  }
},
{
  "model": "exams.variant",
  "pk": 240,
  "fields": {
    "text": "Ma’lumotlar omborini bilish tizimi",
    "is_correct": false,
    "question": 62
  }
},
{
  "model": "exams.variant",
  "pk": 241,
  "fields": {
    "text": "foydalanuvchilar tomonidan MO ni yaratish,to’ldirish va birgalikda qo’llash uchun mo’ljallangan dasturiy vositalar tizimi",
    "is_correct": true,
    "question": 62
  }
},
{
  "model": "exams.variant",
  "pk": 242,
  "fields": {
    "text": "Jadvallar bilan ishlashga mo’ljallangan dastur",
    "is_correct": false,
    "question": 62
  }
},
{
  "model": "exams.variant",
  "pk": 243,
  "fields": {
    "text": "Matnlar bilan ishlashga mo’ljallangan dastur",
    "is_correct": false,
    "question": 62
  }
},
{
  "model": "exams.variant",
  "pk": 244,
  "fields": {
    "text": ".mdb",
    "is_correct": true,
    "question": 63
  }
},
{
  "model": "exams.variant",
  "pk": 245,
  "fields": {
    "text": ".mbd",
    "is_correct": false,
    "question": 63
  }
},
{
  "model": "exams.variant",
  "pk": 246,
  "fields": {
    "text": ".txt",
    "is_correct": false,
    "question": 63
  }
},
{
  "model": "exams.variant",
  "pk": 247,
  "fields": {
    "text": ".ppt",
    "is_correct": false,
    "question": 63
  }
},
{
  "model": "exams.variant",
  "pk": 248,
  "fields": {
    "text": "To’g’ri javob yo’q",
    "is_correct": false,
    "question": 64
  }
},
{
  "model": "exams.variant",
  "pk": 249,
  "fields": {
    "text": "Ombordan ma’lumotlarni kiritadi",
    "is_correct": false,
    "question": 64
  }
},
{
  "model": "exams.variant",
  "pk": 250,
  "fields": {
    "text": "Ombordan ma’lumotlarni chaqiradi",
    "is_correct": true,
    "question": 64
  }
},
{
  "model": "exams.variant",
  "pk": 251,
  "fields": {
    "text": "Ombordagi ma’lumotlarni o’zgartiradi",
    "is_correct": false,
    "question": 64
  }
},
{
  "model": "exams.variant",
  "pk": 252,
  "fields": {
    "text": "Asosiy menyular",
    "is_correct": false,
    "question": 65
  }
},
{
  "model": "exams.variant",
  "pk": 253,
  "fields": {
    "text": "Asosiy elementlar",
    "is_correct": true,
    "question": 65
  }
},
{
  "model": "exams.variant",
  "pk": 254,
  "fields": {
    "text": "Asosiy funksiyalar",
    "is_correct": false,
    "question": 65
  }
},
{
  "model": "exams.variant",
  "pk": 255,
  "fields": {
    "text": "Uskunalar paneli",
    "is_correct": false,
    "question": 65
  }
},
{
  "model": "exams.variant",
  "pk": 256,
  "fields": {
    "text": "Jadvallar",
    "is_correct": true,
    "question": 66
  }
},
{
  "model": "exams.variant",
  "pk": 257,
  "fields": {
    "text": "so'rovlar",
    "is_correct": false,
    "question": 66
  }
},
{
  "model": "exams.variant",
  "pk": 258,
  "fields": {
    "text": "shakllar",
    "is_correct": false,
    "question": 66
  }
},
{
  "model": "exams.variant",
  "pk": 259,
  "fields": {
    "text": "hisobotlar",
    "is_correct": false,
    "question": 66
  }
},
{
  "model": "exams.variant",
  "pk": 260,
  "fields": {
    "text": "so'rovlar",
    "is_correct": true,
    "question": 67
  }
},
{
  "model": "exams.variant",
  "pk": 261,
  "fields": {
    "text": "jadvallar",
    "is_correct": false,
    "question": 67
  }
},
{
  "model": "exams.variant",
  "pk": 262,
  "fields": {
    "text": "shakllar",
    "is_correct": false,
    "question": 67
  }
},
{
  "model": "exams.variant",
  "pk": 263,
  "fields": {
    "text": "hisobotlar",
    "is_correct": false,
    "question": 67
  }
},
{
  "model": "exams.variant",
  "pk": 264,
  "fields": {
    "text": "Shakllar",
    "is_correct": false,
    "question": 68
  }
},
{
  "model": "exams.variant",
  "pk": 265,
  "fields": {
    "text": "so'rovlar",
    "is_correct": false,
    "question": 68
  }
},
{
  "model": "exams.variant",
  "pk": 266,
  "fields": {
    "text": "jadvallar",
    "is_correct": false,
    "question": 68
  }
},
{
  "model": "exams.variant",
  "pk": 267,
  "fields": {
    "text": "hisobotlar",
    "is_correct": false,
    "question": 68
  }
},
{
  "model": "exams.variant",
  "pk": 268,
  "fields": {
    "text": "Tarmoqli",
    "is_correct": false,
    "question": 69
  }
},
{
  "model": "exams.variant",
  "pk": 269,
  "fields": {
    "text": "ierarxik",
    "is_correct": false,
    "question": 69
  }
},
{
  "model": "exams.variant",
  "pk": 270,
  "fields": {
    "text": "relyatsion",
    "is_correct": false,
    "question": 69
  }
},
{
  "model": "exams.variant",
  "pk": 271,
  "fields": {
    "text": "barcha javob to'g'ri",
    "is_correct": true,
    "question": 69
  }
},
{
  "model": "exams.variant",
  "pk": 272,
  "fields": {
    "text": "Ko’pka ko’p N:M",
    "is_correct": false,
    "question": 70
  }
},
{
  "model": "exams.variant",
  "pk": 273,
  "fields": {
    "text": "Birga bir 1:1",
    "is_correct": false,
    "question": 70
  }
},
{
  "model": "exams.variant",
  "pk": 274,
  "fields": {
    "text": "Birga ko’p 1:N",
    "is_correct": false,
    "question": 70
  }
},
{
  "model": "exams.variant",
  "pk": 275,
  "fields": {
    "text": "barcha javob to'g'ri",
    "is_correct": true,
    "question": 70
  }
},
{
  "model": "exams.variant",
  "pk": 276,
  "fields": {
    "text": "EHM boshqaruvida grafik ob'ektlarni kiritish, chiqarish, tasvirlash, o'zgartirish va tahrirlashdir",
    "is_correct": true,
    "question": 71
  }
},
{
  "model": "exams.variant",
  "pk": 277,
  "fields": {
    "text": "ekranda tasvirlarni \"jonlantirish\", kompyuterda dinamik tasvirlar sintezidir.",
    "is_correct": false,
    "question": 71
  }
},
{
  "model": "exams.variant",
  "pk": 278,
  "fields": {
    "text": "Virtual fazoda xajmli ob'ektlarni yaratish usullarini o'rganuvchi soha",
    "is_correct": false,
    "question": 71
  }
},
{
  "model": "exams.variant",
  "pk": 279,
  "fields": {
    "text": "To'g'ri javob yo'q",
    "is_correct": false,
    "question": 71
  }
},
{
  "model": "exams.variant",
  "pk": 280,
  "fields": {
    "text": "Chiziqlar",
    "is_correct": false,
    "question": 72
  }
},
{
  "model": "exams.variant",
  "pk": 281,
  "fields": {
    "text": "Fraktallar",
    "is_correct": false,
    "question": 72
  }
},
{
  "model": "exams.variant",
  "pk": 282,
  "fields": {
    "text": "Nuqtalar",
    "is_correct": true,
    "question": 72
  }
},
{
  "model": "exams.variant",
  "pk": 283,
  "fields": {
    "text": "barcha javob to'g'ri",
    "is_correct": false,
    "question": 72
  }
},
{
  "model": "exams.variant",
  "pk": 284,
  "fields": {
    "text": "Chiziqlar",
    "is_correct": false,
    "question": 73
  }
},
{
  "model": "exams.variant",
  "pk": 285,
  "fields": {
    "text": "Nuqtalar",
    "is_correct": false,
    "question": 73
  }
},
{
  "model": "exams.variant",
  "pk": 286,
  "fields": {
    "text": "Fraktallar",
    "is_correct": false,
    "question": 73
  }
},
{
  "model": "exams.variant",
  "pk": 287,
  "fields": {
    "text": "barcha javob to'g'ri",
    "is_correct": false,
    "question": 73
  }
},
{
  "model": "exams.variant",
  "pk": 288,
  "fields": {
    "text": "rasmning elementar ob`ekti;",
    "is_correct": true,
    "question": 74
  }
},
{
  "model": "exams.variant",
  "pk": 289,
  "fields": {
    "text": "ekranning yorug'nuqtasi;",
    "is_correct": false,
    "question": 74
  }
},
{
  "model": "exams.variant",
  "pk": 290,
  "fields": {
    "text": "nishonlar (значок) va yorliqlar;",
    "is_correct": false,
    "question": 74
  }
},
{
  "model": "exams.variant",
  "pk": 291,
  "fields": {
    "text": "elementar (oddiy) ob`ekt;",
    "is_correct": false,
    "question": 74
  }
},
{
  "model": "exams.variant",
  "pk": 292,
  "fields": {
    "text": ".pdd;",
    "is_correct": false,
    "question": 75
  }
},
{
  "model": "exams.variant",
  "pk": 293,
  "fields": {
    "text": ".pdi;",
    "is_correct": false,
    "question": 75
  }
},
{
  "model": "exams.variant",
  "pk": 294,
  "fields": {
    "text": "cdr;",
    "is_correct": true,
    "question": 75
  }
},
{
  "model": "exams.variant",
  "pk": 295,
  "fields": {
    "text": ".bmp",
    "is_correct": false,
    "question": 75
  }
},
{
  "model": "exams.variant",
  "pk": 296,
  "fields": {
    "text": "xavo rang, yashil rang, sariq;",
    "is_correct": false,
    "question": 76
  }
},
{
  "model": "exams.variant",
  "pk": 297,
  "fields": {
    "text": "qizil, yashil, ko'k;",
    "is_correct": true,
    "question": 76
  }
},
{
  "model": "exams.variant",
  "pk": 298,
  "fields": {
    "text": "xavo rang, ko'k, sariq;",
    "is_correct": false,
    "question": 76
  }
},
{
  "model": "exams.variant",
  "pk": 299,
  "fields": {
    "text": "kizil, xavo rang, sariq;",
    "is_correct": false,
    "question": 76
  }
},
{
  "model": "exams.variant",
  "pk": 300,
  "fields": {
    "text": "Ob'ektlar yaratadi, va ob'ektlar bilan ishlaydi.",
    "is_correct": true,
    "question": 77
  }
},
{
  "model": "exams.variant",
  "pk": 301,
  "fields": {
    "text": "Ob'ektlar yaratadi",
    "is_correct": false,
    "question": 77
  }
},
{
  "model": "exams.variant",
  "pk": 302,
  "fields": {
    "text": "Faqat matn yaratadi",
    "is_correct": false,
    "question": 77
  }
},
{
  "model": "exams.variant",
  "pk": 303,
  "fields": {
    "text": "To'g'ri javob yo'q",
    "is_correct": false,
    "question": 77
  }
},
{
  "model": "exams.variant",
  "pk": 304,
  "fields": {
    "text": "Arc (Дуга)",
    "is_correct": false,
    "question": 78
  }
},
{
  "model": "exams.variant",
  "pk": 305,
  "fields": {
    "text": "Ellipse (Эллипс) Pie(Сектор) Arc (Дуга)",
    "is_correct": true,
    "question": 78
  }
},
{
  "model": "exams.variant",
  "pk": 306,
  "fields": {
    "text": "Ellipse (Эллипс)",
    "is_correct": false,
    "question": 78
  }
},
{
  "model": "exams.variant",
  "pk": 307,
  "fields": {
    "text": "Arc (Дуга), Ellipse (Эллипс)",
    "is_correct": false,
    "question": 78
  }
},
{
  "model": "exams.variant",
  "pk": 308,
  "fields": {
    "text": "Graph Paper (Диаграммная сетка)",
    "is_correct": false,
    "question": 79
  }
},
{
  "model": "exams.variant",
  "pk": 309,
  "fields": {
    "text": "Perfect Shapes (Стандартные фигуры)",
    "is_correct": true,
    "question": 79
  }
},
{
  "model": "exams.variant",
  "pk": 310,
  "fields": {
    "text": "Polygon (Многоугольник)",
    "is_correct": false,
    "question": 79
  }
},
{
  "model": "exams.variant",
  "pk": 311,
  "fields": {
    "text": "Ellipse (Эллипс)",
    "is_correct": false,
    "question": 79
  }
},
{
  "model": "exams.variant",
  "pk": 312,
  "fields": {
    "text": "Shape (Форма) –asbobi yordamida to‘rtburchak uchidan ushlab tortiladi.",
    "is_correct": true,
    "question": 80
  }
},
{
  "model": "exams.variant",
  "pk": 313,
  "fields": {
    "text": "Bu amalni bajarib bo‘lmaydi",
    "is_correct": false,
    "question": 80
  }
},
{
  "model": "exams.variant",
  "pk": 314,
  "fields": {
    "text": "Ellipse (Эллипс) –asbobi yordamida to‘rtburchak uchidan ushlab tortiladi.",
    "is_correct": false,
    "question": 80
  }
},
{
  "model": "exams.variant",
  "pk": 315,
  "fields": {
    "text": "Rectangle (Прямоугольник) –asbobi yordamida to‘rtburchak uchidan ushlab tortiladi.",
    "is_correct": false,
    "question": 80
  }
},
{
  "model": "exams.studentresult",
  "pk": 14,
  "fields": {
    "student": [
      "shohistabonu55@gmail.com"
    ],
    "exam_item": 5,
    "ball": 0.46,
    "attempt": 1,
    "date_created": "2023-04-02T10:29:54.634Z"
  }
},
{
  "model": "exams.studentresult",
  "pk": 15,
  "fields": {
    "student": [
      "shohistabonu55@gmail.com"
    ],
    "exam_item": 5,
    "ball": 0.5,
    "attempt": 2,
    "date_created": "2023-04-02T10:33:17.519Z"
  }
},
{
  "model": "exams.studentresult",
  "pk": 16,
  "fields": {
    "student": [
      "Y@gmail.com"
    ],
    "exam_item": 8,
    "ball": 0.2,
    "attempt": 1,
    "date_created": "2023-04-04T09:24:33.271Z"
  }
},
{
  "model": "exams.studentresult",
  "pk": 17,
  "fields": {
    "student": [
      "Y@gmail.com"
    ],
    "exam_item": 8,
    "ball": 0.3,
    "attempt": 2,
    "date_created": "2023-04-04T10:11:52.491Z"
  }
},
{
  "model": "exams.studentresult",
  "pk": 18,
  "fields": {
    "student": [
      "shohistabonu55@gmail.com"
    ],
    "exam_item": 7,
    "ball": 0.2,
    "attempt": 1,
    "date_created": "2023-04-04T16:47:13.978Z"
  }
},
{
  "model": "exams.studentresult",
  "pk": 19,
  "fields": {
    "student": [
      "shohistabonu55@gmail.com"
    ],
    "exam_item": 8,
    "ball": 0.4,
    "attempt": 1,
    "date_created": "2023-04-04T16:49:48.855Z"
  }
},
{
  "model": "exams.studentresult",
  "pk": 20,
  "fields": {
    "student": [
      "shohistabonu55@gmail.com"
    ],
    "exam_item": 8,
    "ball": 0.7,
    "attempt": 2,
    "date_created": "2023-04-05T14:47:15.230Z"
  }
},
{
  "model": "exams.studentresult",
  "pk": 21,
  "fields": {
    "student": [
      "shohistabonu55@gmail.com"
    ],
    "exam_item": 8,
    "ball": 1.0,
    "attempt": 3,
    "date_created": "2023-04-05T14:51:57.468Z"
  }
},
{
  "model": "exams.studentresult",
  "pk": 22,
  "fields": {
    "student": [
      "shohistabonu55@gmail.com"
    ],
    "exam_item": 12,
    "ball": 0.4,
    "attempt": 1,
    "date_created": "2023-05-08T06:36:39.041Z"
  }
},
{
  "model": "exams.studentwronganswer",
  "pk": 6,
  "fields": {
    "student": [
      "shohistabonu55@gmail.com"
    ],
    "exam_item": 5,
    "attempt": 1,
    "question": 7,
    "variant": 22
  }
},
{
  "model": "exams.studentwronganswer",
  "pk": 7,
  "fields": {
    "student": [
      "shohistabonu55@gmail.com"
    ],
    "exam_item": 5,
    "attempt": 1,
    "question": 11,
    "variant": 38
  }
},
{
  "model": "exams.studentwronganswer",
  "pk": 8,
  "fields": {
    "student": [
      "shohistabonu55@gmail.com"
    ],
    "exam_item": 5,
    "attempt": 1,
    "question": 12,
    "variant": 42
  }
},
{
  "model": "exams.studentwronganswer",
  "pk": 9,
  "fields": {
    "student": [
      "shohistabonu55@gmail.com"
    ],
    "exam_item": 5,
    "attempt": 1,
    "question": 14,
    "variant": 50
  }
},
{
  "model": "exams.studentwronganswer",
  "pk": 12,
  "fields": {
    "student": [
      "shohistabonu55@gmail.com"
    ],
    "exam_item": 5,
    "attempt": 1,
    "question": 19,
    "variant": 70
  }
},
{
  "model": "exams.studentwronganswer",
  "pk": 13,
  "fields": {
    "student": [
      "shohistabonu55@gmail.com"
    ],
    "exam_item": 5,
    "attempt": 2,
    "question": 7,
    "variant": 22
  }
},
{
  "model": "exams.studentwronganswer",
  "pk": 14,
  "fields": {
    "student": [
      "shohistabonu55@gmail.com"
    ],
    "exam_item": 5,
    "attempt": 2,
    "question": 11,
    "variant": 38
  }
},
{
  "model": "exams.studentwronganswer",
  "pk": 15,
  "fields": {
    "student": [
      "shohistabonu55@gmail.com"
    ],
    "exam_item": 5,
    "attempt": 2,
    "question": 12,
    "variant": 42
  }
},
{
  "model": "exams.studentwronganswer",
  "pk": 16,
  "fields": {
    "student": [
      "shohistabonu55@gmail.com"
    ],
    "exam_item": 5,
    "attempt": 2,
    "question": 14,
    "variant": 50
  }
},
{
  "model": "exams.studentwronganswer",
  "pk": 17,
  "fields": {
    "student": [
      "shohistabonu55@gmail.com"
    ],
    "exam_item": 5,
    "attempt": 2,
    "question": 19,
    "variant": 70
  }
},
{
  "model": "exams.studentwronganswer",
  "pk": 18,
  "fields": {
    "student": [
      "Y@gmail.com"
    ],
    "exam_item": 8,
    "attempt": 1,
    "question": 30,
    "variant": 114
  }
},
{
  "model": "exams.studentwronganswer",
  "pk": 19,
  "fields": {
    "student": [
      "Y@gmail.com"
    ],
    "exam_item": 8,
    "attempt": 1,
    "question": 32,
    "variant": 124
  }
},
{
  "model": "exams.studentwronganswer",
  "pk": 20,
  "fields": {
    "student": [
      "Y@gmail.com"
    ],
    "exam_item": 8,
    "attempt": 1,
    "question": 33,
    "variant": 127
  }
},
{
  "model": "exams.studentwronganswer",
  "pk": 21,
  "fields": {
    "student": [
      "Y@gmail.com"
    ],
    "exam_item": 8,
    "attempt": 1,
    "question": 34,
    "variant": 133
  }
},
{
  "model": "exams.studentwronganswer",
  "pk": 22,
  "fields": {
    "student": [
      "Y@gmail.com"
    ],
    "exam_item": 8,
    "attempt": 1,
    "question": 35,
    "variant": 136
  }
},
{
  "model": "exams.studentwronganswer",
  "pk": 23,
  "fields": {
    "student": [
      "Y@gmail.com"
    ],
    "exam_item": 8,
    "attempt": 1,
    "question": 37,
    "variant": 142
  }
},
{
  "model": "exams.studentwronganswer",
  "pk": 24,
  "fields": {
    "student": [
      "Y@gmail.com"
    ],
    "exam_item": 8,
    "attempt": 1,
    "question": 38,
    "variant": 148
  }
},
{
  "model": "exams.studentwronganswer",
  "pk": 25,
  "fields": {
    "student": [
      "Y@gmail.com"
    ],
    "exam_item": 8,
    "attempt": 1,
    "question": 39,
    "variant": 150
  }
},
{
  "model": "exams.studentwronganswer",
  "pk": 26,
  "fields": {
    "student": [
      "Y@gmail.com"
    ],
    "exam_item": 8,
    "attempt": 2,
    "question": 30,
    "variant": 115
  }
},
{
  "model": "exams.studentwronganswer",
  "pk": 27,
  "fields": {
    "student": [
      "Y@gmail.com"
    ],
    "exam_item": 8,
    "attempt": 2,
    "question": 31,
    "variant": 120
  }
},
{
  "model": "exams.studentwronganswer",
  "pk": 28,
  "fields": {
    "student": [
      "Y@gmail.com"
    ],
    "exam_item": 8,
    "attempt": 2,
    "question": 32,
    "variant": 124
  }
},
{
  "model": "exams.studentwronganswer",
  "pk": 29,
  "fields": {
    "student": [
      "Y@gmail.com"
    ],
    "exam_item": 8,
    "attempt": 2,
    "question": 33,
    "variant": 128
  }
},
{
  "model": "exams.studentwronganswer",
  "pk": 30,
  "fields": {
    "student": [
      "Y@gmail.com"
    ],
    "exam_item": 8,
    "attempt": 2,
    "question": 36,
    "variant": 139
  }
},
{
  "model": "exams.studentwronganswer",
  "pk": 31,
  "fields": {
    "student": [
      "Y@gmail.com"
    ],
    "exam_item": 8,
    "attempt": 2,
    "question": 38,
    "variant": 147
  }
},
{
  "model": "exams.studentwronganswer",
  "pk": 32,
  "fields": {
    "student": [
      "Y@gmail.com"
    ],
    "exam_item": 8,
    "attempt": 2,
    "question": 39,
    "variant": 151
  }
},
{
  "model": "exams.studentwronganswer",
  "pk": 33,
  "fields": {
    "student": [
      "shohistabonu55@gmail.com"
    ],
    "exam_item": 7,
    "attempt": 1,
    "question": 20,
    "variant": 74
  }
},
{
  "model": "exams.studentwronganswer",
  "pk": 34,
  "fields": {
    "student": [
      "shohistabonu55@gmail.com"
    ],
    "exam_item": 7,
    "attempt": 1,
    "question": 21,
    "variant": 78
  }
},
{
  "model": "exams.studentwronganswer",
  "pk": 35,
  "fields": {
    "student": [
      "shohistabonu55@gmail.com"
    ],
    "exam_item": 7,
    "attempt": 1,
    "question": 22,
    "variant": 82
  }
},
{
  "model": "exams.studentwronganswer",
  "pk": 36,
  "fields": {
    "student": [
      "shohistabonu55@gmail.com"
    ],
    "exam_item": 7,
    "attempt": 1,
    "question": 24,
    "variant": 90
  }
},
{
  "model": "exams.studentwronganswer",
  "pk": 37,
  "fields": {
    "student": [
      "shohistabonu55@gmail.com"
    ],
    "exam_item": 7,
    "attempt": 1,
    "question": 25,
    "variant": 96
  }
},
{
  "model": "exams.studentwronganswer",
  "pk": 38,
  "fields": {
    "student": [
      "shohistabonu55@gmail.com"
    ],
    "exam_item": 7,
    "attempt": 1,
    "question": 26,
    "variant": 100
  }
},
{
  "model": "exams.studentwronganswer",
  "pk": 39,
  "fields": {
    "student": [
      "shohistabonu55@gmail.com"
    ],
    "exam_item": 7,
    "attempt": 1,
    "question": 27,
    "variant": 104
  }
},
{
  "model": "exams.studentwronganswer",
  "pk": 40,
  "fields": {
    "student": [
      "shohistabonu55@gmail.com"
    ],
    "exam_item": 7,
    "attempt": 1,
    "question": 29,
    "variant": 111
  }
},
{
  "model": "exams.studentwronganswer",
  "pk": 41,
  "fields": {
    "student": [
      "shohistabonu55@gmail.com"
    ],
    "exam_item": 8,
    "attempt": 1,
    "question": 30,
    "variant": 114
  }
},
{
  "model": "exams.studentwronganswer",
  "pk": 42,
  "fields": {
    "student": [
      "shohistabonu55@gmail.com"
    ],
    "exam_item": 8,
    "attempt": 1,
    "question": 32,
    "variant": 122
  }
},
{
  "model": "exams.studentwronganswer",
  "pk": 43,
  "fields": {
    "student": [
      "shohistabonu55@gmail.com"
    ],
    "exam_item": 8,
    "attempt": 1,
    "question": 34,
    "variant": 130
  }
},
{
  "model": "exams.studentwronganswer",
  "pk": 44,
  "fields": {
    "student": [
      "shohistabonu55@gmail.com"
    ],
    "exam_item": 8,
    "attempt": 1,
    "question": 35,
    "variant": 134
  }
},
{
  "model": "exams.studentwronganswer",
  "pk": 45,
  "fields": {
    "student": [
      "shohistabonu55@gmail.com"
    ],
    "exam_item": 8,
    "attempt": 1,
    "question": 36,
    "variant": 138
  }
},
{
  "model": "exams.studentwronganswer",
  "pk": 46,
  "fields": {
    "student": [
      "shohistabonu55@gmail.com"
    ],
    "exam_item": 8,
    "attempt": 1,
    "question": 37,
    "variant": 142
  }
},
{
  "model": "exams.studentwronganswer",
  "pk": 47,
  "fields": {
    "student": [
      "shohistabonu55@gmail.com"
    ],
    "exam_item": 8,
    "attempt": 2,
    "question": 31,
    "variant": 119
  }
},
{
  "model": "exams.studentwronganswer",
  "pk": 48,
  "fields": {
    "student": [
      "shohistabonu55@gmail.com"
    ],
    "exam_item": 8,
    "attempt": 2,
    "question": 34,
    "variant": 132
  }
},
{
  "model": "exams.studentwronganswer",
  "pk": 49,
  "fields": {
    "student": [
      "shohistabonu55@gmail.com"
    ],
    "exam_item": 8,
    "attempt": 2,
    "question": 35,
    "variant": 136
  }
},
{
  "model": "exams.studentwronganswer",
  "pk": 50,
  "fields": {
    "student": [
      "shohistabonu55@gmail.com"
    ],
    "exam_item": 12,
    "attempt": 1,
    "question": 64,
    "variant": 251
  }
},
{
  "model": "exams.studentwronganswer",
  "pk": 51,
  "fields": {
    "student": [
      "shohistabonu55@gmail.com"
    ],
    "exam_item": 12,
    "attempt": 1,
    "question": 65,
    "variant": 252
  }
},
{
  "model": "exams.studentwronganswer",
  "pk": 52,
  "fields": {
    "student": [
      "shohistabonu55@gmail.com"
    ],
    "exam_item": 12,
    "attempt": 1,
    "question": 63,
    "variant": 245
  }
},
{
  "model": "exams.studentwronganswer",
  "pk": 53,
  "fields": {
    "student": [
      "shohistabonu55@gmail.com"
    ],
    "exam_item": 12,
    "attempt": 1,
    "question": 68,
    "variant": 264
  }
},
{
  "model": "exams.studentwronganswer",
  "pk": 54,
  "fields": {
    "student": [
      "shohistabonu55@gmail.com"
    ],
    "exam_item": 12,
    "attempt": 1,
    "question": 69,
    "variant": 268
  }
},
{
  "model": "exams.studentwronganswer",
  "pk": 55,
  "fields": {
    "student": [
      "shohistabonu55@gmail.com"
    ],
    "exam_item": 12,
    "attempt": 1,
    "question": 70,
    "variant": 273
  }
},
{
  "model": "main.lecture",
  "pk": 2,
  "fields": {
    "type": "lecture",
    "title": "2-Ma'ruza. Operatsion tizimlar. Windows operatsion tizimi bilan ishlash",
    "text": "<p>Ma&#39;ruza mashg&#39;ulotiga kirishdan oldin quyidagi materiallar bilan tanishing</p>",
    "youtube": null
  }
},
{
  "model": "main.lecture",
  "pk": 7,
  "fields": {
    "type": "lecture",
    "title": "3-Ma'ruza. Matn protsessorlari. Matn muharrirlari imkoniyatlari bilan tanishish",
    "text": "<p>Ma&#39;ruza mashg&#39;ulotiga kirishdan oldin quyidagi materiallar bilan tanishing</p>",
    "youtube": null
  }
},
{
  "model": "main.lecture",
  "pk": 8,
  "fields": {
    "type": "lecture",
    "title": "4-Ma'ruza. Elektron jadvallar bilan ishlash",
    "text": "<p>Ma&#39;ruza mashg&#39;ulotiga kirishdan oldin quyidagi materiallar bilan tanishing</p>",
    "youtube": null
  }
},
{
  "model": "main.lecture",
  "pk": 9,
  "fields": {
    "type": "lecture",
    "title": "5-Ma'ruza. Taqdimot muharrirlari va ularning imkoniyatlari",
    "text": "<p>Ma&#39;ruza mashg&#39;ulotiga kirishdan oldin quyidagi materiallar bilan tanishin</p>",
    "youtube": null
  }
},
{
  "model": "main.lecture",
  "pk": 10,
  "fields": {
    "type": "lecture",
    "title": "6-Ma'ruza. Ma’lumotlar bazasi tushunchasi. MS Access dasturining imkoniyatlari",
    "text": "<p>Ma&#39;ruza mashg&#39;ulotiga kirishdan oldin quyidagi materiallar bilan tanishing</p>",
    "youtube": null
  }
},
{
  "model": "main.lecture",
  "pk": 11,
  "fields": {
    "type": "lecture",
    "title": "7-Ma'ruza. Grafik dasturlar paketi",
    "text": "<p>Ma&#39;ruza mashg&#39;ulotiga kirishdan oldin quyidagi materiallar bilan tanishing</p>",
    "youtube": null
  }
},
{
  "model": "main.lecture",
  "pk": 12,
  "fields": {
    "type": "practice",
    "title": "1-Amaliy mashg'ulot. Shaxsiy kompyuter qurilmalari bilan ishlash",
    "text": "<h2><em><strong><span style=\"color:#16a085\"><span style=\"font-size:18px\"><span style=\"font-family:Times New Roman,Times,serif\">Amaliy mashg&#39;ulotiga kirishdan oldin quyidagi materiallar bilan tanishing</span></span></span></strong></em></h2>",
    "youtube": null
  }
},
{
  "model": "main.lecture",
  "pk": 13,
  "fields": {
    "type": "practice",
    "title": "2-Amaliy mashg'ulot. Windows operatsion tizimini o’rnatish",
    "text": "<p>Amaliy mashg&#39;ulotiga kirishdan oldin quyidagi materiallar bilan tanishing</p>",
    "youtube": null
  }
},
{
  "model": "main.lecture",
  "pk": 14,
  "fields": {
    "type": "practice",
    "title": "3-Amaliy mashg'ulot. Word matn muharriri imkoniyatlari bilan tanishish",
    "text": "<h2><em><strong><span style=\"color:#16a085\"><span style=\"font-size:14px\">Amaliy mashg&#39;ulotiga kirishdan oldin quyidagi materiallar bilan tanishing</span></span></strong></em></h2>",
    "youtube": null
  }
},
{
  "model": "main.lecture",
  "pk": 15,
  "fields": {
    "type": "practice",
    "title": "4-Amaliy mashg'ulot. Excel elektron jadvallar bilan ishlash. Excel dasturida diogrammalar va funksiyalar",
    "text": "<p><span style=\"font-size:14px\"><span style=\"color:#16a085\"><em><strong>Amaliy mashg&#39;ulotiga kirishdan oldin quyidagi materiallar bilan tanishing</strong></em></span></span></p>",
    "youtube": null
  }
},
{
  "model": "main.lecture",
  "pk": 16,
  "fields": {
    "type": "practice",
    "title": "5-Amaliy mashg'ulot. Power Point taqdimot muharririda ishlash",
    "text": "<p><span style=\"font-size:14px\"><span style=\"color:#16a085\"><em><strong>Amaliy mashg&#39;ulotiga kirishdan oldin quyidagi materiallar bilan tanishing</strong></em></span></span></p>",
    "youtube": null
  }
},
{
  "model": "main.lecture",
  "pk": 17,
  "fields": {
    "type": "practice",
    "title": "6-Amaliy mashg'ulot. MS Access dasturining asosiy elementlar paneli va interfeysi",
    "text": "<p><span style=\"font-size:14px\"><span style=\"color:#16a085\"><em><strong>Amaliy mashg&#39;ulotiga kirishdan oldin quyidagi materiallar bilan tanishing</strong></em></span></span></p>",
    "youtube": null
  }
},
{
  "model": "main.lecture",
  "pk": 18,
  "fields": {
    "type": "practice",
    "title": "7-Amaliy mashg'ulot. Grafik dasturlar bilan ishlash",
    "text": "<p><span style=\"font-size:14px\"><span style=\"color:#16a085\"><em><strong>Amaliy mashg&#39;ulotiga kirishdan oldin quyidagi materiallar bilan tanishing</strong></em></span></span></p>",
    "youtube": null
  }
},
{
  "model": "main.lecture",
  "pk": 21,
  "fields": {
    "type": "lecture",
    "title": "1-ma'ruza. Kompyuterning texnik ta'minoti",
    "text": "<p>Ma&#39;ruza mashg&#39;ulotiga kirishdan oldin quyidagi materiallar bilan tanishing</p>",
    "youtube": null
  }
},
{
  "model": "main.controlquestion",
  "pk": 6,
  "fields": {
    "lecture": 2,
    "question": "Operatsion tizim nima?"
  }
},
{
  "model": "main.controlquestion",
  "pk": 7,
  "fields": {
    "lecture": 2,
    "question": "Operatsion tizim turlari qanday?"
  }
},
{
  "model": "main.controlquestion",
  "pk": 8,
  "fields": {
    "lecture": 2,
    "question": "Windows OT ning ustunlik taraflari nimada?"
  }
},
{
  "model": "main.controlquestion",
  "pk": 10,
  "fields": {
    "lecture": 7,
    "question": "MS Word dasturi imkoniyatlari"
  }
},
{
  "model": "main.controlquestion",
  "pk": 11,
  "fields": {
    "lecture": 8,
    "question": "MS excel dasturining imkoniyatlari"
  }
},
{
  "model": "main.controlquestion",
  "pk": 12,
  "fields": {
    "lecture": 9,
    "question": "Power point dasturi imkoniyatlari"
  }
},
{
  "model": "main.controlquestion",
  "pk": 13,
  "fields": {
    "lecture": 10,
    "question": "Access dasturi vazifasi"
  }
},
{
  "model": "main.controlquestion",
  "pk": 14,
  "fields": {
    "lecture": 11,
    "question": "Grafika turlari?"
  }
},
{
  "model": "main.resource",
  "pk": 3,
  "fields": {
    "lecture": 2,
    "title": "Videoni tamosha qiling(2 marta)",
    "url": "https://youtu.be/zBl9w0Zxv4w",
    "image": "resource/2maruzav.jpg"
  }
},
{
  "model": "main.resource",
  "pk": 4,
  "fields": {
    "lecture": 2,
    "title": "Taqdimot slaytini o'qib chiqing(1 marta)",
    "url": "https://docs.google.com/presentation/d/1iZwbV-3StYyBjHP3NlPkDjy94sj9dcJ1/edit#slide=id.p1",
    "image": "resource/power_rdpixE4.png"
  }
},
{
  "model": "main.resource",
  "pk": 9,
  "fields": {
    "lecture": 2,
    "title": "Qiziqarli quizni bajaring",
    "url": "https://blendedlearing.uz/mar2quize/index.html",
    "image": "resource/quize_JeflMpT.jpg"
  }
},
{
  "model": "main.resource",
  "pk": 10,
  "fields": {
    "lecture": 2,
    "title": "Mustaqil ta'lim",
    "url": "https://docs.google.com/presentation/d/1YkPZpLaFlNQ1bWCyiU9pKJt5Elb2FllG/edit#slide=id.p1",
    "image": "resource/test.jpg"
  }
},
{
  "model": "main.resource",
  "pk": 11,
  "fields": {
    "lecture": 7,
    "title": "Videoni tamosha qiling(2 marta)",
    "url": "https://www.youtube.com/embed/3fBaJaoFytc",
    "image": "resource/3videra.png"
  }
},
{
  "model": "main.resource",
  "pk": 12,
  "fields": {
    "lecture": 7,
    "title": "Taqdimot slaytini o'qib chiqing(1 marta)",
    "url": "https://docs.google.com/presentation/d/1uEpnsQVWDtCnEp6oz1010NVZZTNYQRkz/edit#slide=id.p1",
    "image": "resource/power_nwgZ2Ui.png"
  }
},
{
  "model": "main.resource",
  "pk": 13,
  "fields": {
    "lecture": 7,
    "title": "Qiziqarli quizni bajaring",
    "url": "https://blendedlearing.uz/quizemaruza3/index.html",
    "image": "resource/quize_56dluDL.jpg"
  }
},
{
  "model": "main.resource",
  "pk": 14,
  "fields": {
    "lecture": 7,
    "title": "Mustaqil ta'lim",
    "url": "https://docs.google.com/presentation/d/1jD2iqLfIdFoY48mBFwDAw6wBlPEfPSVT/edit#slide=id.p1",
    "image": "resource/test_itUeC8g.jpg"
  }
},
{
  "model": "main.resource",
  "pk": 15,
  "fields": {
    "lecture": 8,
    "title": "Videoni tamosha qiling(2 marta)",
    "url": "https://www.youtube.com/embed/OGjB9qh1CKU",
    "image": "resource/fff.jpg"
  }
},
{
  "model": "main.resource",
  "pk": 16,
  "fields": {
    "lecture": 8,
    "title": "Taqdimot slaytini o'qib chiqing(1 marta)",
    "url": "https://docs.google.com/presentation/d/1maWNjMi4xKHullLJ79Po_6geedVCl5nZ/edit#slide=id.p1",
    "image": "resource/power_NOIaVWu.png"
  }
},
{
  "model": "main.resource",
  "pk": 17,
  "fields": {
    "lecture": 8,
    "title": "Qiziqarli quizni bajaring",
    "url": "https://blendedlearing.uz/4maruzaquiz/index.html",
    "image": "resource/quize_G3ULUea.jpg"
  }
},
{
  "model": "main.resource",
  "pk": 18,
  "fields": {
    "lecture": 8,
    "title": "Mustaqil ta'lim",
    "url": "https://docs.google.com/presentation/d/1DxiBmQB9nQyfTlbkuKePFBwRVFG2gear/edit#slide=id.p1",
    "image": "resource/test_xhew0Zg.jpg"
  }
},
{
  "model": "main.resource",
  "pk": 19,
  "fields": {
    "lecture": 9,
    "title": "Videoni tamosha qiling(2 marta)",
    "url": "https://www.youtube.com/embed/7lCYF4kk5OY",
    "image": "resource/ffff.jpg"
  }
},
{
  "model": "main.resource",
  "pk": 20,
  "fields": {
    "lecture": 9,
    "title": "Taqdimot slaytini o'qib chiqing(1 marta)",
    "url": "https://docs.google.com/presentation/d/17sbgE_U_uRE0IFrRxmkAF9i4zh-jU4zK/edit#slide=id.p1",
    "image": "resource/power_ef5uEjT.png"
  }
},
{
  "model": "main.resource",
  "pk": 21,
  "fields": {
    "lecture": 9,
    "title": "Qiziqarli quizni bajaring",
    "url": "https://blendedlearing.uz/5marquiz/index.html",
    "image": "resource/quize_HzB1T0C.jpg"
  }
},
{
  "model": "main.resource",
  "pk": 22,
  "fields": {
    "lecture": 9,
    "title": "Mustaqil ta'lim",
    "url": "https://docs.google.com/presentation/d/1eaTqg6a0cDhnUpdLN6E4Sx97K0u_7ADv/edit#slide=id.p1",
    "image": "resource/test_Qh80VAf.jpg"
  }
},
{
  "model": "main.resource",
  "pk": 23,
  "fields": {
    "lecture": 10,
    "title": "Videoni tamosha qiling(2 marta)",
    "url": "https://www.youtube.com/embed/AQ_2dveLtUE",
    "image": "resource/gfgf.jpg"
  }
},
{
  "model": "main.resource",
  "pk": 24,
  "fields": {
    "lecture": 10,
    "title": "Taqdimot slaytini o'qib chiqing(1 marta)",
    "url": "https://docs.google.com/presentation/d/189Iar2bdqN-MgD_MSiBrsqmikNZapuP7/edit#slide=id.p1",
    "image": "resource/power_79ORpZF.png"
  }
},
{
  "model": "main.resource",
  "pk": 25,
  "fields": {
    "lecture": 10,
    "title": "Qiziqarli quizni bajaring",
    "url": "https://blendedlearing.uz/6mar/index.html",
    "image": "resource/quize_sL1dZLw.jpg"
  }
},
{
  "model": "main.resource",
  "pk": 26,
  "fields": {
    "lecture": 10,
    "title": "Mustaqil ta'lim",
    "url": "https://docs.google.com/presentation/d/1lG63bLQ0a5VdNlQU_yC8fwpSDGZiC1o0/edit#slide=id.p1",
    "image": "resource/test_Wgqzy3J.jpg"
  }
},
{
  "model": "main.resource",
  "pk": 27,
  "fields": {
    "lecture": 11,
    "title": "Videoni tamosha qiling(2 marta)",
    "url": "https://www.youtube.com/embed/tl9xuSjNxXg",
    "image": "resource/ddd.jpg"
  }
},
{
  "model": "main.resource",
  "pk": 28,
  "fields": {
    "lecture": 11,
    "title": "Taqdimot slaytini o'qib chiqing(1 marta)",
    "url": "https://docs.google.com/presentation/d/1aRdmqcesAG0bAbhIf7DRMX3U_eVIb6HM/edit#slide=id.p1",
    "image": "resource/power_3ko3aQH.png"
  }
},
{
  "model": "main.resource",
  "pk": 29,
  "fields": {
    "lecture": 11,
    "title": "Qiziqarli quizni bajaring",
    "url": "https://blendedlearing.uz/mar7/index.html",
    "image": "resource/quize_7KGtZui.jpg"
  }
},
{
  "model": "main.resource",
  "pk": 30,
  "fields": {
    "lecture": 11,
    "title": "Mustaqil ta'lim",
    "url": "https://docs.google.com/presentation/d/1KKS9mOU4MrWdSJ9nKslfJRxWDxgRopZe/edit#slide=id.p1",
    "image": "resource/test_ZAFvLOE.jpg"
  }
},
{
  "model": "main.resource",
  "pk": 31,
  "fields": {
    "lecture": 12,
    "title": "Videoni tamosha qiling(2 marta)",
    "url": "https://www.youtube.com/watch?v=G-dxTYJugdA",
    "image": "resource/va.jpg"
  }
},
{
  "model": "main.resource",
  "pk": 32,
  "fields": {
    "lecture": 12,
    "title": "Amaliy mashg'ulotni o'qib chiqing(1 marta)",
    "url": "https://docs.google.com/document/d/1z148p-w-SNVm2__cQ6suwMVBqBKt0wT8/edit",
    "image": "resource/word.png"
  }
},
{
  "model": "main.resource",
  "pk": 33,
  "fields": {
    "lecture": 12,
    "title": "Qiziqarli quizni bajaring",
    "url": "https://blendedlearing.uz/amal1/index.html",
    "image": "resource/quize_59LkoE8.jpg"
  }
},
{
  "model": "main.resource",
  "pk": 34,
  "fields": {
    "lecture": 12,
    "title": "Topshiriqlar",
    "url": "https://docs.google.com/document/d/1-AA0CxLYY5hw6vcoY559-cqla1lXakxk/edit",
    "image": "resource/test_umIv6EX.jpg"
  }
},
{
  "model": "main.resource",
  "pk": 35,
  "fields": {
    "lecture": 13,
    "title": "Videoni tamosha qiling(2 marta)",
    "url": "https://youtu.be/j7sW_E7T88A",
    "image": "resource/va2.jpg"
  }
},
{
  "model": "main.resource",
  "pk": 36,
  "fields": {
    "lecture": 13,
    "title": "Amaliy mashg'ulotni o'qib chiqing(1 marta)",
    "url": "https://docs.google.com/document/d/1STCQkXCQXaixVxZMZTS7qc8cJktLn31K/edit",
    "image": "resource/word_fh4udIu.png"
  }
},
{
  "model": "main.resource",
  "pk": 37,
  "fields": {
    "lecture": 13,
    "title": "Qiziqarli quizni bajaring",
    "url": "https://blendedlearing.uz/amal2/index.html",
    "image": "resource/quize_y8s3Dba.jpg"
  }
},
{
  "model": "main.resource",
  "pk": 38,
  "fields": {
    "lecture": 13,
    "title": "Topshiriqlar",
    "url": "https://docs.google.com/document/d/1rNWrv8JGk4DLPSFwzxlbb_1rBnqL3RrG/edit#heading=h.gjdgxs",
    "image": "resource/test_rOTR586.jpg"
  }
},
{
  "model": "main.resource",
  "pk": 39,
  "fields": {
    "lecture": 14,
    "title": "Videoni tamosha qiling(2 marta)",
    "url": "https://youtu.be/8AK6CxSEKD4",
    "image": "resource/va3.jpg"
  }
},
{
  "model": "main.resource",
  "pk": 40,
  "fields": {
    "lecture": 14,
    "title": "Amaliy mashg'ulotni o'qib chiqing(1 marta)",
    "url": "https://docs.google.com/document/d/1J7zVN5zQeoS5qjbDy9vtJHtPiYSD24WS/edit#",
    "image": "resource/word_3AoCcqG.png"
  }
},
{
  "model": "main.resource",
  "pk": 41,
  "fields": {
    "lecture": 14,
    "title": "Qiziqarli quizni bajaring",
    "url": "https://blendedlearing.uz/amal3/index.html",
    "image": "resource/quize_g09RmH5.jpg"
  }
},
{
  "model": "main.resource",
  "pk": 42,
  "fields": {
    "lecture": 14,
    "title": "Topshiriqlar",
    "url": "https://docs.google.com/document/d/1uEOlm2facvdpwGjtHInPwX9aNm4-a4v4/edit",
    "image": "resource/test_MunH1wI.jpg"
  }
},
{
  "model": "main.resource",
  "pk": 43,
  "fields": {
    "lecture": 15,
    "title": "Videoni tamosha qiling(2 marta)",
    "url": "https://youtu.be/iN-SbOz4V60",
    "image": "resource/va4.jpg"
  }
},
{
  "model": "main.resource",
  "pk": 44,
  "fields": {
    "lecture": 15,
    "title": "Amaliy mashg'ulotni o'qib chiqing(1 marta)",
    "url": "https://docs.google.com/document/d/1hJ5W5peKJfWnM-ijq3LBDwP8FiiOf-Uw/edit#heading=h.gjdgxs",
    "image": "resource/word_vyarN6h.png"
  }
},
{
  "model": "main.resource",
  "pk": 45,
  "fields": {
    "lecture": 15,
    "title": "Qiziqarli quizni bajaring",
    "url": "https://blendedlearing.uz/amal4/index.html",
    "image": "resource/quize_1TV24Se.jpg"
  }
},
{
  "model": "main.resource",
  "pk": 46,
  "fields": {
    "lecture": 15,
    "title": "Topshiriqlar",
    "url": "https://docs.google.com/document/d/1sYAtvMQ7pzYSyKx5M3p3r-N0g-rg0HZs/edit#heading=h.gjdgxs",
    "image": "resource/test_Z9OolOY.jpg"
  }
},
{
  "model": "main.resource",
  "pk": 47,
  "fields": {
    "lecture": 16,
    "title": "Videoni tamosha qiling(2 marta)",
    "url": "https://youtu.be/l0JRtSE2LUM",
    "image": "resource/va5.jpg"
  }
},
{
  "model": "main.resource",
  "pk": 48,
  "fields": {
    "lecture": 16,
    "title": "Amaliy mashg'ulotni o'qib chiqing(1 marta)",
    "url": "https://docs.google.com/document/d/12NkWNAOTmz57NOwOH0iSeWudrJV0KWmq/edit",
    "image": "resource/word_anTy1Mx.png"
  }
},
{
  "model": "main.resource",
  "pk": 49,
  "fields": {
    "lecture": 16,
    "title": "Qiziqarli quizni bajaring",
    "url": "https://blendedlearing.uz/amal5/index.html",
    "image": "resource/quize_4vWQuCs.jpg"
  }
},
{
  "model": "main.resource",
  "pk": 50,
  "fields": {
    "lecture": 16,
    "title": "Topshiriqlar",
    "url": "https://docs.google.com/document/d/1s5z8GEPFDVZADMG60tgVgFMB7y0kyyWr/edit#heading=h.gjdgxs",
    "image": "resource/test_6rzgt45.jpg"
  }
},
{
  "model": "main.resource",
  "pk": 51,
  "fields": {
    "lecture": 17,
    "title": "Videoni tamosha qiling(2 marta)",
    "url": "https://www.youtube.com/watch?v=CuuRKQ8JSjE",
    "image": "resource/access.jpg"
  }
},
{
  "model": "main.resource",
  "pk": 52,
  "fields": {
    "lecture": 17,
    "title": "Amaliy mashg'ulotni o'qib chiqing(1 marta)",
    "url": "https://docs.google.com/document/d/1FLtCwH6FCX0t1mfQgbkV60VxA4z9YpE5/edit",
    "image": "resource/word_mUEfWPO.png"
  }
},
{
  "model": "main.resource",
  "pk": 53,
  "fields": {
    "lecture": 17,
    "title": "Qiziqarli quizni bajaring",
    "url": "https://blendedlearing.uz/amal6/index.html",
    "image": "resource/quize_LQJtO6m.jpg"
  }
},
{
  "model": "main.resource",
  "pk": 54,
  "fields": {
    "lecture": 17,
    "title": "Topshiriqlar",
    "url": "https://docs.google.com/document/d/1yh48lUbgSwgDe8ecbrmsLQuxu0yuzVig/edit",
    "image": "resource/test_DEDLTT4.jpg"
  }
},
{
  "model": "main.resource",
  "pk": 55,
  "fields": {
    "lecture": 18,
    "title": "Videoni tamosha qiling(2 marta)",
    "url": "https://www.youtube.com/watch?v=8Awx2R_u0-E",
    "image": "resource/va7.jpg"
  }
},
{
  "model": "main.resource",
  "pk": 56,
  "fields": {
    "lecture": 18,
    "title": "Amaliy mashg'ulotni o'qib chiqing(1 marta)",
    "url": "https://docs.google.com/document/d/1h3JepVUTRZwQmrKbexs1ZvJKua6OwyaX/edit?rtpof=true",
    "image": "resource/word_dkzIS6q.png"
  }
},
{
  "model": "main.resource",
  "pk": 57,
  "fields": {
    "lecture": 18,
    "title": "Qiziqarli quizni bajaring",
    "url": "https://blendedlearing.uz/amal7/index.html",
    "image": "resource/quize_U3fLe4j.jpg"
  }
},
{
  "model": "main.resource",
  "pk": 58,
  "fields": {
    "lecture": 18,
    "title": "Topshiriqlar",
    "url": "https://docs.google.com/document/d/1sfYeE4_2W6XorCl8nYUcKra9a_PG6SGFOWaUUf-au5k/edit",
    "image": "resource/test_06aTmWz.jpg"
  }
},
{
  "model": "main.resource",
  "pk": 60,
  "fields": {
    "lecture": 21,
    "title": "Videoni tamosha qiling(2 marta)",
    "url": "https://youtu.be/dIIzZju056w",
    "image": "resource/protsessorich_0Q2r0UV.jpg"
  }
},
{
  "model": "main.resource",
  "pk": 61,
  "fields": {
    "lecture": 21,
    "title": "Taqdimot slaytini o'qib chiqing(1 marta)",
    "url": "https://docs.google.com/presentation/d/10HeZjoziZPTMRt5lcIW-ZNHxbtuHgquh/edit#slide=id.p1",
    "image": "resource/power_rdpixE4_U555TaV.png"
  }
},
{
  "model": "main.resource",
  "pk": 62,
  "fields": {
    "lecture": 21,
    "title": "Qiziqarli quizni bajaring",
    "url": "https://blendedlearing.uz/mar2quize/index.html",
    "image": "resource/quize_JeflMpT_UFFH7u2.jpg"
  }
},
{
  "model": "main.resource",
  "pk": 63,
  "fields": {
    "lecture": 21,
    "title": "Mustaqil ta'lim",
    "url": "https://docs.google.com/presentation/d/1mqSDgUCOZT7XpWMewvUVsz5gEksU2Hl1/edit#slide=id.p1",
    "image": "resource/test_Mdp1emx.jpg"
  }
},
{
  "model": "admin.logentry",
  "pk": 1,
  "fields": {
    "action_time": "2023-03-26T05:35:48.949Z",
    "user": [
      "m@gmail.com"
    ],
    "content_type": [
      "groups",
      "classgroup"
    ],
    "object_id": "1",
    "object_repr": "411-20",
    "action_flag": 1,
    "change_message": "[{\"added\": {}}]"
  }
},
{
  "model": "admin.logentry",
  "pk": 2,
  "fields": {
    "action_time": "2023-03-26T05:36:21.797Z",
    "user": [
      "m@gmail.com"
    ],
    "content_type": [
      "accounts",
      "customuser"
    ],
    "object_id": "3",
    "object_repr": "Y@gmail.com",
    "action_flag": 1,
    "change_message": "[{\"added\": {}}]"
  }
},
{
  "model": "admin.logentry",
  "pk": 3,
  "fields": {
    "action_time": "2023-03-26T05:46:22.408Z",
    "user": [
      "m@gmail.com"
    ],
    "content_type": [
      "main",
      "lecture"
    ],
    "object_id": "1",
    "object_repr": "M1. Kompyuterning texnik ta’minoti",
    "action_flag": 1,
    "change_message": "[{\"added\": {}}, {\"added\": {\"name\": \"control question\", \"object\": \"ControlQuestion object (1)\"}}, {\"added\": {\"name\": \"control question\", \"object\": \"ControlQuestion object (2)\"}}, {\"added\": {\"name\": \"control question\", \"object\": \"ControlQuestion object (3)\"}}, {\"added\": {\"name\": \"control question\", \"object\": \"ControlQuestion object (4)\"}}, {\"added\": {\"name\": \"control question\", \"object\": \"ControlQuestion object (5)\"}}, {\"added\": {\"name\": \"resource\", \"object\": \"Resource object (1)\"}}, {\"added\": {\"name\": \"resource\", \"object\": \"Resource object (2)\"}}]"
  }
},
{
  "model": "admin.logentry",
  "pk": 4,
  "fields": {
    "action_time": "2023-03-26T05:49:23.305Z",
    "user": [
      "m@gmail.com"
    ],
    "content_type": [
      "main",
      "lecture"
    ],
    "object_id": "1",
    "object_repr": "M1. Kompyuterning texnik ta’minoti",
    "action_flag": 2,
    "change_message": "[{\"changed\": {\"fields\": [\"Text\"]}}]"
  }
},
{
  "model": "admin.logentry",
  "pk": 5,
  "fields": {
    "action_time": "2023-03-26T05:50:22.620Z",
    "user": [
      "m@gmail.com"
    ],
    "content_type": [
      "main",
      "lecture"
    ],
    "object_id": "1",
    "object_repr": "M1. Kompyuterning texnik ta’minoti",
    "action_flag": 2,
    "change_message": "[{\"changed\": {\"fields\": [\"Text\"]}}]"
  }
},
{
  "model": "admin.logentry",
  "pk": 6,
  "fields": {
    "action_time": "2023-03-26T06:00:19.266Z",
    "user": [
      "m@gmail.com"
    ],
    "content_type": [
      "main",
      "lecture"
    ],
    "object_id": "2",
    "object_repr": "M2. Operatsion tizimlar. Windows operatsion tizimi bilan ishlash",
    "action_flag": 1,
    "change_message": "[{\"added\": {}}, {\"added\": {\"name\": \"control question\", \"object\": \"ControlQuestion object (6)\"}}, {\"added\": {\"name\": \"control question\", \"object\": \"ControlQuestion object (7)\"}}, {\"added\": {\"name\": \"control question\", \"object\": \"ControlQuestion object (8)\"}}, {\"added\": {\"name\": \"resource\", \"object\": \"Resource object (3)\"}}, {\"added\": {\"name\": \"resource\", \"object\": \"Resource object (4)\"}}]"
  }
},
{
  "model": "admin.logentry",
  "pk": 7,
  "fields": {
    "action_time": "2023-03-26T06:07:27.609Z",
    "user": [
      "m@gmail.com"
    ],
    "content_type": [
      "main",
      "lecture"
    ],
    "object_id": "2",
    "object_repr": "M2. Operatsion tizimlar. Windows operatsion tizimi bilan ishlash",
    "action_flag": 2,
    "change_message": "[{\"changed\": {\"fields\": [\"Text\"]}}]"
  }
},
{
  "model": "admin.logentry",
  "pk": 8,
  "fields": {
    "action_time": "2023-03-26T06:08:23.567Z",
    "user": [
      "m@gmail.com"
    ],
    "content_type": [
      "main",
      "lecture"
    ],
    "object_id": "2",
    "object_repr": "M2. Operatsion tizimlar. Windows operatsion tizimi bilan ishlash",
    "action_flag": 2,
    "change_message": "[{\"changed\": {\"fields\": [\"Text\"]}}]"
  }
},
{
  "model": "admin.logentry",
  "pk": 9,
  "fields": {
    "action_time": "2023-03-26T07:32:43.891Z",
    "user": [
      "m@gmail.com"
    ],
    "content_type": [
      "exams",
      "exam"
    ],
    "object_id": "1",
    "object_repr": "final",
    "action_flag": 1,
    "change_message": "[{\"added\": {}}]"
  }
},
{
  "model": "admin.logentry",
  "pk": 10,
  "fields": {
    "action_time": "2023-03-26T07:33:12.757Z",
    "user": [
      "m@gmail.com"
    ],
    "content_type": [
      "exams",
      "examitem"
    ],
    "object_id": "1",
    "object_repr": "final - 411-20",
    "action_flag": 1,
    "change_message": "[{\"added\": {}}]"
  }
},
{
  "model": "admin.logentry",
  "pk": 11,
  "fields": {
    "action_time": "2023-03-26T07:33:28.494Z",
    "user": [
      "m@gmail.com"
    ],
    "content_type": [
      "exams",
      "question"
    ],
    "object_id": "1",
    "object_repr": "Amerika qayerda",
    "action_flag": 1,
    "change_message": "[{\"added\": {}}]"
  }
},
{
  "model": "admin.logentry",
  "pk": 12,
  "fields": {
    "action_time": "2023-03-26T07:33:57.728Z",
    "user": [
      "m@gmail.com"
    ],
    "content_type": [
      "exams",
      "variant"
    ],
    "object_id": "1",
    "object_repr": "Yevropada",
    "action_flag": 1,
    "change_message": "[{\"added\": {}}]"
  }
},
{
  "model": "admin.logentry",
  "pk": 13,
  "fields": {
    "action_time": "2023-03-26T07:34:59.941Z",
    "user": [
      "m@gmail.com"
    ],
    "content_type": [
      "exams",
      "variant"
    ],
    "object_id": "2",
    "object_repr": "Amerikada",
    "action_flag": 1,
    "change_message": "[{\"added\": {}}]"
  }
},
{
  "model": "admin.logentry",
  "pk": 14,
  "fields": {
    "action_time": "2023-03-27T08:01:26.095Z",
    "user": [
      "admin@gmail.com"
    ],
    "content_type": [
      "main",
      "lecture"
    ],
    "object_id": "3",
    "object_repr": "Office dasturida ishlash",
    "action_flag": 1,
    "change_message": "[{\"added\": {}}, {\"added\": {\"name\": \"control question\", \"object\": \"ControlQuestion object (9)\"}}, {\"added\": {\"name\": \"resource\", \"object\": \"Resource object (5)\"}}]"
  }
},
{
  "model": "admin.logentry",
  "pk": 15,
  "fields": {
    "action_time": "2023-03-27T08:23:17.479Z",
    "user": [
      "admin@gmail.com"
    ],
    "content_type": [
      "main",
      "lecture"
    ],
    "object_id": "4",
    "object_repr": "jflaslfkj",
    "action_flag": 1,
    "change_message": "[{\"added\": {}}]"
  }
},
{
  "model": "admin.logentry",
  "pk": 16,
  "fields": {
    "action_time": "2023-03-27T08:23:27.351Z",
    "user": [
      "admin@gmail.com"
    ],
    "content_type": [
      "main",
      "lecture"
    ],
    "object_id": "4",
    "object_repr": "jflaslfkj",
    "action_flag": 3,
    "change_message": ""
  }
},
{
  "model": "admin.logentry",
  "pk": 17,
  "fields": {
    "action_time": "2023-03-30T10:39:05.746Z",
    "user": [
      "m@gmail.com"
    ],
    "content_type": [
      "exams",
      "question"
    ],
    "object_id": "2",
    "object_repr": "Salom Text IShlayaptimi",
    "action_flag": 1,
    "change_message": "[{\"added\": {}}, {\"added\": {\"name\": \"variant\", \"object\": \"Ha ishlayapti\"}}, {\"added\": {\"name\": \"variant\", \"object\": \"yo'q ishlamayapti\"}}, {\"added\": {\"name\": \"variant\", \"object\": \"yo'q\"}}, {\"added\": {\"name\": \"variant\", \"object\": \"ha\"}}]"
  }
},
{
  "model": "admin.logentry",
  "pk": 18,
  "fields": {
    "action_time": "2023-03-30T10:48:16.189Z",
    "user": [
      "m@gmail.com"
    ],
    "content_type": [
      "exams",
      "question"
    ],
    "object_id": "3",
    "object_repr": "Qalesizlar",
    "action_flag": 1,
    "change_message": "[{\"added\": {}}, {\"added\": {\"name\": \"variant\", \"object\": \"jnblkneofjnvrlijfvnlf\"}}, {\"added\": {\"name\": \"variant\", \"object\": \"kjjernvkfnjkvnfd\"}}, {\"added\": {\"name\": \"variant\", \"object\": \"yo'q\"}}, {\"added\": {\"name\": \"variant\", \"object\": \"yaxshi\"}}]"
  }
},
{
  "model": "admin.logentry",
  "pk": 19,
  "fields": {
    "action_time": "2023-03-30T15:38:23.213Z",
    "user": [
      "admin@gmail.com"
    ],
    "content_type": [
      "main",
      "lecture"
    ],
    "object_id": "3",
    "object_repr": "Office dasturida ishlash",
    "action_flag": 2,
    "change_message": "[{\"changed\": {\"fields\": [\"Text\"]}}]"
  }
},
{
  "model": "admin.logentry",
  "pk": 20,
  "fields": {
    "action_time": "2023-03-30T15:38:51.281Z",
    "user": [
      "admin@gmail.com"
    ],
    "content_type": [
      "exams",
      "examitem"
    ],
    "object_id": "1",
    "object_repr": "final - 411-20",
    "action_flag": 2,
    "change_message": "[{\"changed\": {\"fields\": [\"End date\"]}}]"
  }
},
{
  "model": "admin.logentry",
  "pk": 21,
  "fields": {
    "action_time": "2023-03-30T15:39:17.356Z",
    "user": [
      "admin@gmail.com"
    ],
    "content_type": [
      "exams",
      "exam"
    ],
    "object_id": "1",
    "object_repr": "final",
    "action_flag": 2,
    "change_message": "[{\"changed\": {\"fields\": [\"Attempts\"]}}]"
  }
},
{
  "model": "admin.logentry",
  "pk": 22,
  "fields": {
    "action_time": "2023-03-30T15:40:20.046Z",
    "user": [
      "admin@gmail.com"
    ],
    "content_type": [
      "exams",
      "exam"
    ],
    "object_id": "1",
    "object_repr": "final",
    "action_flag": 2,
    "change_message": "[{\"changed\": {\"fields\": [\"Attempts\"]}}]"
  }
},
{
  "model": "admin.logentry",
  "pk": 23,
  "fields": {
    "action_time": "2023-03-30T15:40:32.180Z",
    "user": [
      "admin@gmail.com"
    ],
    "content_type": [
      "exams",
      "exam"
    ],
    "object_id": "1",
    "object_repr": "final",
    "action_flag": 2,
    "change_message": "[{\"changed\": {\"fields\": [\"Attempts\"]}}]"
  }
},
{
  "model": "admin.logentry",
  "pk": 24,
  "fields": {
    "action_time": "2023-03-30T16:57:42.447Z",
    "user": [
      "m@gmail.com"
    ],
    "content_type": [
      "exams",
      "exam"
    ],
    "object_id": "2",
    "object_repr": "final",
    "action_flag": 1,
    "change_message": "[{\"added\": {}}]"
  }
},
{
  "model": "admin.logentry",
  "pk": 25,
  "fields": {
    "action_time": "2023-03-30T16:58:14.419Z",
    "user": [
      "m@gmail.com"
    ],
    "content_type": [
      "exams",
      "examitem"
    ],
    "object_id": "2",
    "object_repr": "final - 411-20",
    "action_flag": 1,
    "change_message": "[{\"added\": {}}]"
  }
},
{
  "model": "admin.logentry",
  "pk": 26,
  "fields": {
    "action_time": "2023-03-30T16:59:02.586Z",
    "user": [
      "m@gmail.com"
    ],
    "content_type": [
      "exams",
      "examitem"
    ],
    "object_id": "3",
    "object_repr": "final - 411-20",
    "action_flag": 1,
    "change_message": "[{\"added\": {}}]"
  }
},
{
  "model": "admin.logentry",
  "pk": 27,
  "fields": {
    "action_time": "2023-03-30T17:03:20.383Z",
    "user": [
      "m@gmail.com"
    ],
    "content_type": [
      "exams",
      "question"
    ],
    "object_id": "4",
    "object_repr": "njklwecklndlvsk",
    "action_flag": 1,
    "change_message": "[{\"added\": {}}, {\"added\": {\"name\": \"variant\", \"object\": \"jkdsbncjkdnsc\"}}, {\"added\": {\"name\": \"variant\", \"object\": \"alixoja\"}}, {\"added\": {\"name\": \"variant\", \"object\": \"jkdnckjjdsnkjc\"}}]"
  }
},
{
  "model": "admin.logentry",
  "pk": 28,
  "fields": {
    "action_time": "2023-04-01T07:24:03.199Z",
    "user": [
      "admin@gmail.com"
    ],
    "content_type": [
      "main",
      "lecture"
    ],
    "object_id": "1",
    "object_repr": "M1. Kompyuterning texnik ta’minoti",
    "action_flag": 2,
    "change_message": "[{\"changed\": {\"fields\": [\"Text\"]}}]"
  }
},
{
  "model": "admin.logentry",
  "pk": 29,
  "fields": {
    "action_time": "2023-04-01T07:24:33.690Z",
    "user": [
      "admin@gmail.com"
    ],
    "content_type": [
      "main",
      "lecture"
    ],
    "object_id": "1",
    "object_repr": "Kompyuterning texnik ta’minoti",
    "action_flag": 2,
    "change_message": "[{\"changed\": {\"fields\": [\"Title\", \"Youtube\"]}}]"
  }
},
{
  "model": "admin.logentry",
  "pk": 30,
  "fields": {
    "action_time": "2023-04-01T07:25:50.083Z",
    "user": [
      "admin@gmail.com"
    ],
    "content_type": [
      "main",
      "lecture"
    ],
    "object_id": "1",
    "object_repr": "Kompyuterning texnik ta’minoti",
    "action_flag": 2,
    "change_message": "[{\"changed\": {\"fields\": [\"Text\"]}}]"
  }
},
{
  "model": "admin.logentry",
  "pk": 31,
  "fields": {
    "action_time": "2023-04-01T07:26:08.009Z",
    "user": [
      "admin@gmail.com"
    ],
    "content_type": [
      "main",
      "lecture"
    ],
    "object_id": "1",
    "object_repr": "Kompyuterning texnik ta’minoti",
    "action_flag": 2,
    "change_message": "[]"
  }
},
{
  "model": "admin.logentry",
  "pk": 32,
  "fields": {
    "action_time": "2023-04-01T07:27:07.329Z",
    "user": [
      "admin@gmail.com"
    ],
    "content_type": [
      "main",
      "lecture"
    ],
    "object_id": "1",
    "object_repr": "Kompyuterning texnik ta’minoti",
    "action_flag": 2,
    "change_message": "[{\"changed\": {\"name\": \"resource\", \"object\": \"Resource object (1)\", \"fields\": [\"Title\", \"Url\", \"Image\"]}}]"
  }
},
{
  "model": "admin.logentry",
  "pk": 33,
  "fields": {
    "action_time": "2023-04-01T07:27:54.484Z",
    "user": [
      "admin@gmail.com"
    ],
    "content_type": [
      "main",
      "lecture"
    ],
    "object_id": "1",
    "object_repr": "Kompyuterning texnik ta’minoti",
    "action_flag": 2,
    "change_message": "[{\"changed\": {\"name\": \"resource\", \"object\": \"Resource object (2)\", \"fields\": [\"Title\", \"Url\", \"Image\"]}}]"
  }
},
{
  "model": "admin.logentry",
  "pk": 34,
  "fields": {
    "action_time": "2023-04-01T07:29:04.798Z",
    "user": [
      "admin@gmail.com"
    ],
    "content_type": [
      "main",
      "lecture"
    ],
    "object_id": "1",
    "object_repr": "Kompyuterning texnik ta’minoti",
    "action_flag": 2,
    "change_message": "[{\"added\": {\"name\": \"resource\", \"object\": \"Resource object (6)\"}}]"
  }
},
{
  "model": "admin.logentry",
  "pk": 35,
  "fields": {
    "action_time": "2023-04-01T07:30:34.510Z",
    "user": [
      "admin@gmail.com"
    ],
    "content_type": [
      "main",
      "lecture"
    ],
    "object_id": "1",
    "object_repr": "Kompyuterning texnik ta’minoti",
    "action_flag": 2,
    "change_message": "[{\"added\": {\"name\": \"resource\", \"object\": \"Resource object (7)\"}}, {\"added\": {\"name\": \"resource\", \"object\": \"Resource object (8)\"}}]"
  }
},
{
  "model": "admin.logentry",
  "pk": 36,
  "fields": {
    "action_time": "2023-04-01T07:38:33.446Z",
    "user": [
      "admin@gmail.com"
    ],
    "content_type": [
      "main",
      "lecture"
    ],
    "object_id": "1",
    "object_repr": "M2. Kompyuterning texnik ta’minoti",
    "action_flag": 2,
    "change_message": "[{\"changed\": {\"fields\": [\"Title\"]}}]"
  }
},
{
  "model": "admin.logentry",
  "pk": 37,
  "fields": {
    "action_time": "2023-04-01T07:39:03.577Z",
    "user": [
      "admin@gmail.com"
    ],
    "content_type": [
      "main",
      "lecture"
    ],
    "object_id": "1",
    "object_repr": "M1. Kompyuterning texnik ta’minoti",
    "action_flag": 2,
    "change_message": "[{\"changed\": {\"fields\": [\"Title\"]}}]"
  }
},
{
  "model": "admin.logentry",
  "pk": 38,
  "fields": {
    "action_time": "2023-04-01T07:40:00.195Z",
    "user": [
      "admin@gmail.com"
    ],
    "content_type": [
      "main",
      "lecture"
    ],
    "object_id": "3",
    "object_repr": "M3. Office dasturida ishlash",
    "action_flag": 2,
    "change_message": "[{\"changed\": {\"fields\": [\"Title\"]}}]"
  }
},
{
  "model": "admin.logentry",
  "pk": 39,
  "fields": {
    "action_time": "2023-04-01T07:40:36.626Z",
    "user": [
      "admin@gmail.com"
    ],
    "content_type": [
      "main",
      "lecture"
    ],
    "object_id": "2",
    "object_repr": "M2. Operatsion tizimlar. Windows operatsion tizimi bilan ishlash",
    "action_flag": 2,
    "change_message": "[{\"changed\": {\"fields\": [\"Text\"]}}]"
  }
},
{
  "model": "admin.logentry",
  "pk": 40,
  "fields": {
    "action_time": "2023-04-01T07:40:49.868Z",
    "user": [
      "admin@gmail.com"
    ],
    "content_type": [
      "main",
      "lecture"
    ],
    "object_id": "1",
    "object_repr": "M1. Kompyuterning texnik ta’minoti",
    "action_flag": 2,
    "change_message": "[{\"changed\": {\"fields\": [\"Youtube\"]}}]"
  }
},
{
  "model": "admin.logentry",
  "pk": 41,
  "fields": {
    "action_time": "2023-04-01T10:44:48.392Z",
    "user": [
      "admin@gmail.com"
    ],
    "content_type": [
      "main",
      "lecture"
    ],
    "object_id": "1",
    "object_repr": "M1. Kompyuterning texnik ta’minoti",
    "action_flag": 2,
    "change_message": "[{\"changed\": {\"fields\": [\"Youtube\"]}}, {\"changed\": {\"name\": \"resource\", \"object\": \"Resource object (1)\", \"fields\": [\"Url\"]}}]"
  }
},
{
  "model": "admin.logentry",
  "pk": 42,
  "fields": {
    "action_time": "2023-04-01T10:45:23.351Z",
    "user": [
      "admin@gmail.com"
    ],
    "content_type": [
      "main",
      "lecture"
    ],
    "object_id": "1",
    "object_repr": "M1. Kompyuterning texnik ta’minoti",
    "action_flag": 2,
    "change_message": "[{\"changed\": {\"fields\": [\"Youtube\"]}}]"
  }
},
{
  "model": "admin.logentry",
  "pk": 43,
  "fields": {
    "action_time": "2023-04-01T10:56:44.125Z",
    "user": [
      "admin@gmail.com"
    ],
    "content_type": [
      "main",
      "lecture"
    ],
    "object_id": "1",
    "object_repr": "M1. Kompyuterning texnik ta’minoti",
    "action_flag": 2,
    "change_message": "[{\"changed\": {\"fields\": [\"Youtube\"]}}]"
  }
},
{
  "model": "admin.logentry",
  "pk": 44,
  "fields": {
    "action_time": "2023-04-01T10:57:16.634Z",
    "user": [
      "admin@gmail.com"
    ],
    "content_type": [
      "main",
      "lecture"
    ],
    "object_id": "1",
    "object_repr": "M1. Kompyuterning texnik ta’minoti",
    "action_flag": 2,
    "change_message": "[{\"changed\": {\"fields\": [\"Youtube\"]}}]"
  }
},
{
  "model": "admin.logentry",
  "pk": 45,
  "fields": {
    "action_time": "2023-04-01T12:23:24.353Z",
    "user": [
      "admin@gmail.com"
    ],
    "content_type": [
      "main",
      "lecture"
    ],
    "object_id": "5",
    "object_repr": "Test title",
    "action_flag": 1,
    "change_message": "[{\"added\": {}}]"
  }
},
{
  "model": "admin.logentry",
  "pk": 46,
  "fields": {
    "action_time": "2023-04-01T12:23:32.803Z",
    "user": [
      "admin@gmail.com"
    ],
    "content_type": [
      "main",
      "lecture"
    ],
    "object_id": "5",
    "object_repr": "Test title",
    "action_flag": 3,
    "change_message": ""
  }
},
{
  "model": "admin.logentry",
  "pk": 47,
  "fields": {
    "action_time": "2023-04-01T12:53:48.794Z",
    "user": [
      "m@gmail.com"
    ],
    "content_type": [
      "main",
      "lecture"
    ],
    "object_id": "1",
    "object_repr": "M1. Kompyuterning texnik ta’minoti",
    "action_flag": 2,
    "change_message": "[{\"changed\": {\"fields\": [\"Youtube\"]}}]"
  }
},
{
  "model": "admin.logentry",
  "pk": 48,
  "fields": {
    "action_time": "2023-04-01T13:03:01.881Z",
    "user": [
      "admin@gmail.com"
    ],
    "content_type": [
      "main",
      "lecture"
    ],
    "object_id": "6",
    "object_repr": "Practice Example",
    "action_flag": 1,
    "change_message": "[{\"added\": {}}]"
  }
},
{
  "model": "admin.logentry",
  "pk": 49,
  "fields": {
    "action_time": "2023-04-02T07:00:19.199Z",
    "user": [
      "admin@gmail.com"
    ],
    "content_type": [
      "exams",
      "question"
    ],
    "object_id": "5",
    "object_repr": "Kompyuter necha qismdan tashkil topgan",
    "action_flag": 1,
    "change_message": "[{\"added\": {}}, {\"added\": {\"name\": \"variant\", \"object\": \"3 ta\"}}, {\"added\": {\"name\": \"variant\", \"object\": \"5 ta\"}}, {\"added\": {\"name\": \"variant\", \"object\": \"2 ta\"}}, {\"added\": {\"name\": \"variant\", \"object\": \"1 ta\"}}]"
  }
},
{
  "model": "admin.logentry",
  "pk": 50,
  "fields": {
    "action_time": "2023-04-02T09:23:48.284Z",
    "user": [
      "admin@gmail.com"
    ],
    "content_type": [
      "exams",
      "exam"
    ],
    "object_id": "2",
    "object_repr": "ijjnkjed",
    "action_flag": 3,
    "change_message": ""
  }
},
{
  "model": "admin.logentry",
  "pk": 51,
  "fields": {
    "action_time": "2023-04-02T09:23:48.288Z",
    "user": [
      "admin@gmail.com"
    ],
    "content_type": [
      "exams",
      "exam"
    ],
    "object_id": "1",
    "object_repr": "Yakuniy nazorat",
    "action_flag": 3,
    "change_message": ""
  }
},
{
  "model": "admin.logentry",
  "pk": 52,
  "fields": {
    "action_time": "2023-04-02T09:24:33.649Z",
    "user": [
      "m@gmail.com"
    ],
    "content_type": [
      "exams",
      "exam"
    ],
    "object_id": "3",
    "object_repr": "dddd",
    "action_flag": 1,
    "change_message": "[{\"added\": {}}]"
  }
},
{
  "model": "admin.logentry",
  "pk": 53,
  "fields": {
    "action_time": "2023-04-02T09:25:38.955Z",
    "user": [
      "admin@gmail.com"
    ],
    "content_type": [
      "exams",
      "exam"
    ],
    "object_id": "4",
    "object_repr": "Kompyuterning texnik ta'minoti",
    "action_flag": 1,
    "change_message": "[{\"added\": {}}]"
  }
},
{
  "model": "admin.logentry",
  "pk": 54,
  "fields": {
    "action_time": "2023-04-02T09:25:47.741Z",
    "user": [
      "m@gmail.com"
    ],
    "content_type": [
      "exams",
      "examitem"
    ],
    "object_id": "4",
    "object_repr": "dddd - 411-20",
    "action_flag": 1,
    "change_message": "[{\"added\": {}}]"
  }
},
{
  "model": "admin.logentry",
  "pk": 55,
  "fields": {
    "action_time": "2023-04-02T09:26:01.603Z",
    "user": [
      "admin@gmail.com"
    ],
    "content_type": [
      "exams",
      "exam"
    ],
    "object_id": "3",
    "object_repr": "dddd",
    "action_flag": 3,
    "change_message": ""
  }
},
{
  "model": "admin.logentry",
  "pk": 56,
  "fields": {
    "action_time": "2023-04-02T09:28:09.207Z",
    "user": [
      "admin@gmail.com"
    ],
    "content_type": [
      "exams",
      "question"
    ],
    "object_id": "6",
    "object_repr": "Kompyuterning asosiy qurilmalari to’g’ri ko’rsatilgan qatorni toping?",
    "action_flag": 1,
    "change_message": "[{\"added\": {}}, {\"added\": {\"name\": \"variant\", \"object\": \"Tizim bloki,monitor, klaviatura\"}}, {\"added\": {\"name\": \"variant\", \"object\": \"Tizim bloki, monitor, klaviatura,sichqoncha,skaner\"}}, {\"added\": {\"name\": \"variant\", \"object\": \"Tizim bloki,monitor, klaviatura,skaner\"}}, {\"added\": {\"name\": \"variant\", \"object\": \"Tizim bloki,monitor, klaviatura,printer\"}}]"
  }
},
{
  "model": "admin.logentry",
  "pk": 57,
  "fields": {
    "action_time": "2023-04-02T09:28:54.058Z",
    "user": [
      "admin@gmail.com"
    ],
    "content_type": [
      "exams",
      "question"
    ],
    "object_id": "7",
    "object_repr": ". … - bu kompyuterning miyyasi.Kompyuter ishini boshqarish,barcha hisob-kitob va buyruqlarini bajarilishini ta’minlaydi.",
    "action_flag": 1,
    "change_message": "[{\"added\": {}}, {\"added\": {\"name\": \"variant\", \"object\": \"Mikroprotsessor yoki protsessor\"}}, {\"added\": {\"name\": \"variant\", \"object\": \"Qattiq disk\"}}, {\"added\": {\"name\": \"variant\", \"object\": \"Asosiy plata (onaplata)\"}}, {\"added\": {\"name\": \"variant\", \"object\": \"Elektr ta\\u2019minlovchi blok\"}}]"
  }
},
{
  "model": "admin.logentry",
  "pk": 58,
  "fields": {
    "action_time": "2023-04-02T09:29:55.904Z",
    "user": [
      "admin@gmail.com"
    ],
    "content_type": [
      "exams",
      "question"
    ],
    "object_id": "8",
    "object_repr": "… - doimiy xotira. Ma‘lumotlarni doimo saqlash uchun foydalanadi.",
    "action_flag": 1,
    "change_message": "[{\"added\": {}}, {\"added\": {\"name\": \"variant\", \"object\": \"Qatttiq disk\"}}, {\"added\": {\"name\": \"variant\", \"object\": \"Mikroprotsessor yoki protsessor\"}}, {\"added\": {\"name\": \"variant\", \"object\": \"Kesh xotira\"}}, {\"added\": {\"name\": \"variant\", \"object\": \"Operativ xotira\"}}]"
  }
},
{
  "model": "admin.logentry",
  "pk": 59,
  "fields": {
    "action_time": "2023-04-02T09:31:25.686Z",
    "user": [
      "admin@gmail.com"
    ],
    "content_type": [
      "exams",
      "question"
    ],
    "object_id": "9",
    "object_repr": "…-kompyuter tomonidan dasturlar ishlash jarayonida ko‘p ishlatilgan ma‘lumotlarni saqlash uchun foydalanadi.",
    "action_flag": 1,
    "change_message": "[{\"added\": {}}, {\"added\": {\"name\": \"variant\", \"object\": \"Kesh xotira\"}}, {\"added\": {\"name\": \"variant\", \"object\": \"Mikroprotsessor yoki protsessor\"}}, {\"added\": {\"name\": \"variant\", \"object\": \"Qatttiq disk\"}}, {\"added\": {\"name\": \"variant\", \"object\": \"operativ \\\\xotira\"}}]"
  }
},
{
  "model": "admin.logentry",
  "pk": 60,
  "fields": {
    "action_time": "2023-04-02T09:37:23.238Z",
    "user": [
      "admin@gmail.com"
    ],
    "content_type": [
      "exams",
      "question"
    ],
    "object_id": "9",
    "object_repr": "…-kompyuter tomonidan dasturlar ishlash jarayonida ko‘p ishlatilgan ma‘lumotlarni saqlash uchun foydalanadi.",
    "action_flag": 3,
    "change_message": ""
  }
},
{
  "model": "admin.logentry",
  "pk": 61,
  "fields": {
    "action_time": "2023-04-02T09:39:12.509Z",
    "user": [
      "admin@gmail.com"
    ],
    "content_type": [
      "exams",
      "question"
    ],
    "object_id": "10",
    "object_repr": "-kompyuter tomonidan dasturlar ishlash jarayonida ko‘p ishlatilgan ma‘lumotlarni saqlash uchun foydalanadi.",
    "action_flag": 1,
    "change_message": "[{\"added\": {}}, {\"added\": {\"name\": \"variant\", \"object\": \"Kesh xotira\"}}, {\"added\": {\"name\": \"variant\", \"object\": \"Mikroprotsessor yoki protsessor\"}}, {\"added\": {\"name\": \"variant\", \"object\": \"operativ xotira\"}}, {\"added\": {\"name\": \"variant\", \"object\": \"Qatttiq disk\"}}]"
  }
},
{
  "model": "admin.logentry",
  "pk": 62,
  "fields": {
    "action_time": "2023-04-02T09:39:44.134Z",
    "user": [
      "admin@gmail.com"
    ],
    "content_type": [
      "exams",
      "question"
    ],
    "object_id": "11",
    "object_repr": "…- ular har xil tashqi qurilmalar ishini ta‘minlaydilar. Ishlash holatlari bilan farqlanadi (video plata, tovush plata, tarmoq platasi va h.k.)",
    "action_flag": 1,
    "change_message": "[{\"added\": {}}, {\"added\": {\"name\": \"variant\", \"object\": \"Kotroller yoki adapterlar\"}}, {\"added\": {\"name\": \"variant\", \"object\": \"Ona platata\"}}, {\"added\": {\"name\": \"variant\", \"object\": \"Qattiq disk\"}}, {\"added\": {\"name\": \"variant\", \"object\": \"Mikroprotsessor yoki protsessor\"}}]"
  }
},
{
  "model": "admin.logentry",
  "pk": 63,
  "fields": {
    "action_time": "2023-04-02T09:40:17.907Z",
    "user": [
      "admin@gmail.com"
    ],
    "content_type": [
      "exams",
      "question"
    ],
    "object_id": "12",
    "object_repr": "…- bu egiluvchan va kompakt disklardagi ma‘lumotlarni o‘qish va ularga saqlash ishlarni bajaradigan qismi",
    "action_flag": 1,
    "change_message": "[{\"added\": {}}, {\"added\": {\"name\": \"variant\", \"object\": \"Disk yurutuvchilari\"}}, {\"added\": {\"name\": \"variant\", \"object\": \"Qattiq disk\"}}, {\"added\": {\"name\": \"variant\", \"object\": \"Kontroller yoki adapterlar\"}}, {\"added\": {\"name\": \"variant\", \"object\": \"Vinchester\"}}]"
  }
},
{
  "model": "admin.logentry",
  "pk": 64,
  "fields": {
    "action_time": "2023-04-02T09:40:47.932Z",
    "user": [
      "admin@gmail.com"
    ],
    "content_type": [
      "exams",
      "question"
    ],
    "object_id": "13",
    "object_repr": "…- har bir qismning o‘ziga mos elektr-quvvat extiyojini ta‘minlovchi blok",
    "action_flag": 1,
    "change_message": "[{\"added\": {}}, {\"added\": {\"name\": \"variant\", \"object\": \"Elektr ta\\u2019minlovchi blok\"}}, {\"added\": {\"name\": \"variant\", \"object\": \"Mikroprotsessor yoki protsessor\"}}, {\"added\": {\"name\": \"variant\", \"object\": \"Qatttiq disk\"}}, {\"added\": {\"name\": \"variant\", \"object\": \"Kotroller yoki adapterlar\"}}]"
  }
},
{
  "model": "admin.logentry",
  "pk": 65,
  "fields": {
    "action_time": "2023-04-02T09:41:13.614Z",
    "user": [
      "admin@gmail.com"
    ],
    "content_type": [
      "exams",
      "question"
    ],
    "object_id": "14",
    "object_repr": "Kopyuterning ma‘lumotlarni ekran orqali foydalanuvchiga chiqarish qurilmasi nima deb ataladi?",
    "action_flag": 1,
    "change_message": "[{\"added\": {}}, {\"added\": {\"name\": \"variant\", \"object\": \"Printer\"}}, {\"added\": {\"name\": \"variant\", \"object\": \"Monitor\"}}, {\"added\": {\"name\": \"variant\", \"object\": \"Skaner\"}}, {\"added\": {\"name\": \"variant\", \"object\": \"Klaviatura\"}}]"
  }
},
{
  "model": "admin.logentry",
  "pk": 66,
  "fields": {
    "action_time": "2023-04-02T09:42:09.056Z",
    "user": [
      "admin@gmail.com"
    ],
    "content_type": [
      "exams",
      "question"
    ],
    "object_id": "15",
    "object_repr": "...-kompyuterga  ma’lumotlarni kiritish qismi.",
    "action_flag": 1,
    "change_message": "[{\"added\": {}}, {\"added\": {\"name\": \"variant\", \"object\": \"Monitor\"}}, {\"added\": {\"name\": \"variant\", \"object\": \"Printer\"}}, {\"added\": {\"name\": \"variant\", \"object\": \"Klaviatura\"}}, {\"added\": {\"name\": \"variant\", \"object\": \"Skaner\"}}]"
  }
},
{
  "model": "admin.logentry",
  "pk": 67,
  "fields": {
    "action_time": "2023-04-02T09:42:35.923Z",
    "user": [
      "admin@gmail.com"
    ],
    "content_type": [
      "exams",
      "question"
    ],
    "object_id": "16",
    "object_repr": "Klaviatura necha qismdan iborat?",
    "action_flag": 1,
    "change_message": "[{\"added\": {}}, {\"added\": {\"name\": \"variant\", \"object\": \"5 ta\"}}, {\"added\": {\"name\": \"variant\", \"object\": \"4 ta\"}}, {\"added\": {\"name\": \"variant\", \"object\": \"3 ta\"}}, {\"added\": {\"name\": \"variant\", \"object\": \"6 ta\"}}]"
  }
},
{
  "model": "admin.logentry",
  "pk": 68,
  "fields": {
    "action_time": "2023-04-02T09:43:09.219Z",
    "user": [
      "admin@gmail.com"
    ],
    "content_type": [
      "exams",
      "question"
    ],
    "object_id": "17",
    "object_repr": "Kompyuterdagi ma‘lumotlarni bosmaga chiqarish qurilmasi nima deb ataladi?",
    "action_flag": 1,
    "change_message": "[{\"added\": {}}, {\"added\": {\"name\": \"variant\", \"object\": \"Printer\"}}, {\"added\": {\"name\": \"variant\", \"object\": \"Skaner\"}}, {\"added\": {\"name\": \"variant\", \"object\": \"Modem\"}}, {\"added\": {\"name\": \"variant\", \"object\": \"To\\u2019g\\u2019ri javob yo\\u2019q\"}}]"
  }
},
{
  "model": "admin.logentry",
  "pk": 69,
  "fields": {
    "action_time": "2023-04-02T09:43:40.544Z",
    "user": [
      "admin@gmail.com"
    ],
    "content_type": [
      "exams",
      "question"
    ],
    "object_id": "18",
    "object_repr": "…— bu ma’lumotlarni qog’ozli hujjatdan bevosita ЕHM ga kiritish qurilmasidir.",
    "action_flag": 1,
    "change_message": "[{\"added\": {}}, {\"added\": {\"name\": \"variant\", \"object\": \"Skaner\"}}, {\"added\": {\"name\": \"variant\", \"object\": \"Modem\"}}, {\"added\": {\"name\": \"variant\", \"object\": \"Printer\"}}, {\"added\": {\"name\": \"variant\", \"object\": \"Klaviatura\"}}]"
  }
},
{
  "model": "admin.logentry",
  "pk": 70,
  "fields": {
    "action_time": "2023-04-02T09:44:21.283Z",
    "user": [
      "admin@gmail.com"
    ],
    "content_type": [
      "exams",
      "question"
    ],
    "object_id": "19",
    "object_repr": "Kompyuterning qo’shimcha  qurilmalari to’g’ri ko’rsatilgan qatorni toping.",
    "action_flag": 1,
    "change_message": "[{\"added\": {}}, {\"added\": {\"name\": \"variant\", \"object\": \"Skaner, modem, printer\"}}, {\"added\": {\"name\": \"variant\", \"object\": \"Klaviatura, skaner, printer\"}}, {\"added\": {\"name\": \"variant\", \"object\": \"Monitor, skaner, modem,printer\"}}, {\"added\": {\"name\": \"variant\", \"object\": \"Tizim bloki,monitor, klaviatura\"}}]"
  }
},
{
  "model": "admin.logentry",
  "pk": 71,
  "fields": {
    "action_time": "2023-04-02T09:45:53.317Z",
    "user": [
      "admin@gmail.com"
    ],
    "content_type": [
      "exams",
      "examitem"
    ],
    "object_id": "3",
    "object_repr": "None - 411-20",
    "action_flag": 3,
    "change_message": ""
  }
},
{
  "model": "admin.logentry",
  "pk": 72,
  "fields": {
    "action_time": "2023-04-02T09:45:53.321Z",
    "user": [
      "admin@gmail.com"
    ],
    "content_type": [
      "exams",
      "examitem"
    ],
    "object_id": "2",
    "object_repr": "None - 411-20",
    "action_flag": 3,
    "change_message": ""
  }
},
{
  "model": "admin.logentry",
  "pk": 73,
  "fields": {
    "action_time": "2023-04-02T09:45:53.323Z",
    "user": [
      "admin@gmail.com"
    ],
    "content_type": [
      "exams",
      "examitem"
    ],
    "object_id": "1",
    "object_repr": "None - 411-20",
    "action_flag": 3,
    "change_message": ""
  }
},
{
  "model": "admin.logentry",
  "pk": 74,
  "fields": {
    "action_time": "2023-04-02T09:46:30.013Z",
    "user": [
      "admin@gmail.com"
    ],
    "content_type": [
      "groups",
      "classgroup"
    ],
    "object_id": "1",
    "object_repr": "411-20",
    "action_flag": 3,
    "change_message": ""
  }
},
{
  "model": "admin.logentry",
  "pk": 75,
  "fields": {
    "action_time": "2023-04-02T09:46:52.538Z",
    "user": [
      "admin@gmail.com"
    ],
    "content_type": [
      "groups",
      "classgroup"
    ],
    "object_id": "2",
    "object_repr": "22/1-guruh",
    "action_flag": 1,
    "change_message": "[{\"added\": {}}]"
  }
},
{
  "model": "admin.logentry",
  "pk": 76,
  "fields": {
    "action_time": "2023-04-02T09:47:01.953Z",
    "user": [
      "admin@gmail.com"
    ],
    "content_type": [
      "groups",
      "classgroup"
    ],
    "object_id": "3",
    "object_repr": "22/2 - guruh",
    "action_flag": 1,
    "change_message": "[{\"added\": {}}]"
  }
},
{
  "model": "admin.logentry",
  "pk": 77,
  "fields": {
    "action_time": "2023-04-02T09:48:24.160Z",
    "user": [
      "admin@gmail.com"
    ],
    "content_type": [
      "exams",
      "studentresult"
    ],
    "object_id": "13",
    "object_repr": "0.33% - Y@gmail.com",
    "action_flag": 3,
    "change_message": ""
  }
},
{
  "model": "admin.logentry",
  "pk": 78,
  "fields": {
    "action_time": "2023-04-02T09:48:24.163Z",
    "user": [
      "admin@gmail.com"
    ],
    "content_type": [
      "exams",
      "studentresult"
    ],
    "object_id": "12",
    "object_repr": "1.0% - Y@gmail.com",
    "action_flag": 3,
    "change_message": ""
  }
},
{
  "model": "admin.logentry",
  "pk": 79,
  "fields": {
    "action_time": "2023-04-02T09:48:24.165Z",
    "user": [
      "admin@gmail.com"
    ],
    "content_type": [
      "exams",
      "studentresult"
    ],
    "object_id": "11",
    "object_repr": "1.0% - Y@gmail.com",
    "action_flag": 3,
    "change_message": ""
  }
},
{
  "model": "admin.logentry",
  "pk": 80,
  "fields": {
    "action_time": "2023-04-02T09:48:24.167Z",
    "user": [
      "admin@gmail.com"
    ],
    "content_type": [
      "exams",
      "studentresult"
    ],
    "object_id": "10",
    "object_repr": "1.0% - Y@gmail.com",
    "action_flag": 3,
    "change_message": ""
  }
},
{
  "model": "admin.logentry",
  "pk": 81,
  "fields": {
    "action_time": "2023-04-02T09:48:24.169Z",
    "user": [
      "admin@gmail.com"
    ],
    "content_type": [
      "exams",
      "studentresult"
    ],
    "object_id": "9",
    "object_repr": "1.0% - Y@gmail.com",
    "action_flag": 3,
    "change_message": ""
  }
},
{
  "model": "admin.logentry",
  "pk": 82,
  "fields": {
    "action_time": "2023-04-02T09:48:24.172Z",
    "user": [
      "admin@gmail.com"
    ],
    "content_type": [
      "exams",
      "studentresult"
    ],
    "object_id": "8",
    "object_repr": "0.0% - Y@gmail.com",
    "action_flag": 3,
    "change_message": ""
  }
},
{
  "model": "admin.logentry",
  "pk": 83,
  "fields": {
    "action_time": "2023-04-02T09:48:24.174Z",
    "user": [
      "admin@gmail.com"
    ],
    "content_type": [
      "exams",
      "studentresult"
    ],
    "object_id": "7",
    "object_repr": "1.0% - Y@gmail.com",
    "action_flag": 3,
    "change_message": ""
  }
},
{
  "model": "admin.logentry",
  "pk": 84,
  "fields": {
    "action_time": "2023-04-02T09:48:24.175Z",
    "user": [
      "admin@gmail.com"
    ],
    "content_type": [
      "exams",
      "studentresult"
    ],
    "object_id": "6",
    "object_repr": "1.0% - Y@gmail.com",
    "action_flag": 3,
    "change_message": ""
  }
},
{
  "model": "admin.logentry",
  "pk": 85,
  "fields": {
    "action_time": "2023-04-02T09:48:24.177Z",
    "user": [
      "admin@gmail.com"
    ],
    "content_type": [
      "exams",
      "studentresult"
    ],
    "object_id": "5",
    "object_repr": "1.0% - Y@gmail.com",
    "action_flag": 3,
    "change_message": ""
  }
},
{
  "model": "admin.logentry",
  "pk": 86,
  "fields": {
    "action_time": "2023-04-02T09:48:24.179Z",
    "user": [
      "admin@gmail.com"
    ],
    "content_type": [
      "exams",
      "studentresult"
    ],
    "object_id": "4",
    "object_repr": "0.0% - Y@gmail.com",
    "action_flag": 3,
    "change_message": ""
  }
},
{
  "model": "admin.logentry",
  "pk": 87,
  "fields": {
    "action_time": "2023-04-02T09:48:24.181Z",
    "user": [
      "admin@gmail.com"
    ],
    "content_type": [
      "exams",
      "studentresult"
    ],
    "object_id": "3",
    "object_repr": "1.0% - Y@gmail.com",
    "action_flag": 3,
    "change_message": ""
  }
},
{
  "model": "admin.logentry",
  "pk": 88,
  "fields": {
    "action_time": "2023-04-02T09:48:24.183Z",
    "user": [
      "admin@gmail.com"
    ],
    "content_type": [
      "exams",
      "studentresult"
    ],
    "object_id": "2",
    "object_repr": "1.0% - Y@gmail.com",
    "action_flag": 3,
    "change_message": ""
  }
},
{
  "model": "admin.logentry",
  "pk": 89,
  "fields": {
    "action_time": "2023-04-02T09:48:24.184Z",
    "user": [
      "admin@gmail.com"
    ],
    "content_type": [
      "exams",
      "studentresult"
    ],
    "object_id": "1",
    "object_repr": "0.0% - Y@gmail.com",
    "action_flag": 3,
    "change_message": ""
  }
},
{
  "model": "admin.logentry",
  "pk": 90,
  "fields": {
    "action_time": "2023-04-02T09:48:45.885Z",
    "user": [
      "admin@gmail.com"
    ],
    "content_type": [
      "accounts",
      "customuser"
    ],
    "object_id": "3",
    "object_repr": "Y@gmail.com",
    "action_flag": 3,
    "change_message": ""
  }
},
{
  "model": "admin.logentry",
  "pk": 91,
  "fields": {
    "action_time": "2023-04-02T09:51:44.256Z",
    "user": [
      "admin@gmail.com"
    ],
    "content_type": [
      "accounts",
      "customuser"
    ],
    "object_id": "4",
    "object_repr": "shohistabonu55@gmail.com",
    "action_flag": 2,
    "change_message": "[{\"changed\": {\"fields\": [\"Group\"]}}]"
  }
},
{
  "model": "admin.logentry",
  "pk": 92,
  "fields": {
    "action_time": "2023-04-02T09:53:52.435Z",
    "user": [
      "admin@gmail.com"
    ],
    "content_type": [
      "exams",
      "examitem"
    ],
    "object_id": "5",
    "object_repr": "Kompyuterning texnik ta'minoti - 22/1-guruh",
    "action_flag": 1,
    "change_message": "[{\"added\": {}}]"
  }
},
{
  "model": "admin.logentry",
  "pk": 93,
  "fields": {
    "action_time": "2023-04-02T10:04:25.636Z",
    "user": [
      "admin@gmail.com"
    ],
    "content_type": [
      "exams",
      "examitem"
    ],
    "object_id": "6",
    "object_repr": "Kompyuterning texnik ta'minoti - 22/2 - guruh",
    "action_flag": 1,
    "change_message": "[{\"added\": {}}]"
  }
},
{
  "model": "admin.logentry",
  "pk": 94,
  "fields": {
    "action_time": "2023-04-02T10:05:07.363Z",
    "user": [
      "admin@gmail.com"
    ],
    "content_type": [
      "exams",
      "exam"
    ],
    "object_id": "4",
    "object_repr": "Kompyuterning texnik ta'minoti",
    "action_flag": 2,
    "change_message": "[{\"changed\": {\"fields\": [\"Exam type\"]}}]"
  }
},
{
  "model": "admin.logentry",
  "pk": 95,
  "fields": {
    "action_time": "2023-04-02T10:07:57.164Z",
    "user": [
      "admin@gmail.com"
    ],
    "content_type": [
      "exams",
      "exam"
    ],
    "object_id": "5",
    "object_repr": "Windows operatsion tizimini o’rnatish",
    "action_flag": 1,
    "change_message": "[{\"added\": {}}]"
  }
},
{
  "model": "admin.logentry",
  "pk": 96,
  "fields": {
    "action_time": "2023-04-02T10:09:13.530Z",
    "user": [
      "admin@gmail.com"
    ],
    "content_type": [
      "exams",
      "question"
    ],
    "object_id": "20",
    "object_repr": "Dunyoning necha foiz kompyuterlari Microsoft korporatsiyasi tomonidan yaratilgan operatsion tizimlar bilan jihozlangan?",
    "action_flag": 1,
    "change_message": "[{\"added\": {}}, {\"added\": {\"name\": \"variant\", \"object\": \"70%\"}}, {\"added\": {\"name\": \"variant\", \"object\": \"80%\"}}, {\"added\": {\"name\": \"variant\", \"object\": \"75%\"}}, {\"added\": {\"name\": \"variant\", \"object\": \"100%\"}}]"
  }
},
{
  "model": "admin.logentry",
  "pk": 97,
  "fields": {
    "action_time": "2023-04-02T10:09:50.043Z",
    "user": [
      "admin@gmail.com"
    ],
    "content_type": [
      "exams",
      "question"
    ],
    "object_id": "21",
    "object_repr": "MS-DOS operatsion tizimi nechanchi yilda yaratilgan?",
    "action_flag": 1,
    "change_message": "[{\"added\": {}}, {\"added\": {\"name\": \"variant\", \"object\": \"1983\"}}, {\"added\": {\"name\": \"variant\", \"object\": \"1981\"}}, {\"added\": {\"name\": \"variant\", \"object\": \"1987\"}}, {\"added\": {\"name\": \"variant\", \"object\": \"1978\"}}]"
  }
},
{
  "model": "admin.logentry",
  "pk": 98,
  "fields": {
    "action_time": "2023-04-02T10:10:22.502Z",
    "user": [
      "admin@gmail.com"
    ],
    "content_type": [
      "exams",
      "question"
    ],
    "object_id": "22",
    "object_repr": "Windows 3,1 operatsion tizimi nechanchi yilda yaratilgan?",
    "action_flag": 1,
    "change_message": "[{\"added\": {}}, {\"added\": {\"name\": \"variant\", \"object\": \"1995\"}}, {\"added\": {\"name\": \"variant\", \"object\": \"1991\"}}, {\"added\": {\"name\": \"variant\", \"object\": \"1993\"}}, {\"added\": {\"name\": \"variant\", \"object\": \"1990\"}}]"
  }
},
{
  "model": "admin.logentry",
  "pk": 99,
  "fields": {
    "action_time": "2023-04-02T10:11:00.108Z",
    "user": [
      "admin@gmail.com"
    ],
    "content_type": [
      "exams",
      "question"
    ],
    "object_id": "23",
    "object_repr": "Windows XP operatsion tizimi nechanchi yilda yaratilgan?",
    "action_flag": 1,
    "change_message": "[{\"added\": {}}, {\"added\": {\"name\": \"variant\", \"object\": \"2001\"}}, {\"added\": {\"name\": \"variant\", \"object\": \"1981\"}}, {\"added\": {\"name\": \"variant\", \"object\": \"1996\"}}, {\"added\": {\"name\": \"variant\", \"object\": \"1998\"}}]"
  }
},
{
  "model": "admin.logentry",
  "pk": 100,
  "fields": {
    "action_time": "2023-04-02T10:11:35.660Z",
    "user": [
      "admin@gmail.com"
    ],
    "content_type": [
      "exams",
      "question"
    ],
    "object_id": "24",
    "object_repr": "Sakkiz razryadli shaxsiy kompyuterlar uchun yaratilgan birinchi operatsion sistemaning nomi nima?",
    "action_flag": 1,
    "change_message": "[{\"added\": {}}, {\"added\": {\"name\": \"variant\", \"object\": \"MS DOS operatsion sistemasi\"}}, {\"added\": {\"name\": \"variant\", \"object\": \"CP/M-80 operatsion sistemasi\"}}, {\"added\": {\"name\": \"variant\", \"object\": \"Windows 3,1 operatsion sistemasi\"}}, {\"added\": {\"name\": \"variant\", \"object\": \"To\\u2019g\\u2019ri javob yo\\u2019q\"}}]"
  }
},
{
  "model": "admin.logentry",
  "pk": 101,
  "fields": {
    "action_time": "2023-04-02T10:12:12.506Z",
    "user": [
      "admin@gmail.com"
    ],
    "content_type": [
      "exams",
      "question"
    ],
    "object_id": "25",
    "object_repr": "CP/M-80 operatsion tizimini kim yaratgan?",
    "action_flag": 1,
    "change_message": "[{\"added\": {}}, {\"added\": {\"name\": \"variant\", \"object\": \"Geri Kildell\"}}, {\"added\": {\"name\": \"variant\", \"object\": \"Bill Geyts\"}}, {\"added\": {\"name\": \"variant\", \"object\": \"Pol Allen\"}}, {\"added\": {\"name\": \"variant\", \"object\": \"To\\u2019g\\u2019ri javob yo\\u2019q\"}}]"
  }
},
{
  "model": "admin.logentry",
  "pk": 102,
  "fields": {
    "action_time": "2023-04-02T10:12:51.772Z",
    "user": [
      "admin@gmail.com"
    ],
    "content_type": [
      "exams",
      "question"
    ],
    "object_id": "26",
    "object_repr": "Microsoft firmasining operatsion tizimlari yozilgan qatoni toping?",
    "action_flag": 1,
    "change_message": "[{\"added\": {}}, {\"added\": {\"name\": \"variant\", \"object\": \"MS-DOS, Windows\"}}, {\"added\": {\"name\": \"variant\", \"object\": \"MS-DOS, Unix\"}}, {\"added\": {\"name\": \"variant\", \"object\": \"Windows, Linux\"}}, {\"added\": {\"name\": \"variant\", \"object\": \"Unix, Linux\"}}]"
  }
},
{
  "model": "admin.logentry",
  "pk": 103,
  "fields": {
    "action_time": "2023-04-02T10:13:30.295Z",
    "user": [
      "admin@gmail.com"
    ],
    "content_type": [
      "exams",
      "question"
    ],
    "object_id": "27",
    "object_repr": "Nechanchi yilda IBM va Microsoft firmasi tomonidan bir vaqtda bir nechta masalalar yechishga qodir bo‘lgan OS/2 operatsion sistemasi ishlab chiqildi.",
    "action_flag": 1,
    "change_message": "[{\"added\": {}}, {\"added\": {\"name\": \"variant\", \"object\": \"1987\"}}, {\"added\": {\"name\": \"variant\", \"object\": \"1984\"}}, {\"added\": {\"name\": \"variant\", \"object\": \"1991\"}}, {\"added\": {\"name\": \"variant\", \"object\": \"1995\"}}]"
  }
},
{
  "model": "admin.logentry",
  "pk": 104,
  "fields": {
    "action_time": "2023-04-02T10:16:09.321Z",
    "user": [
      "admin@gmail.com"
    ],
    "content_type": [
      "exams",
      "question"
    ],
    "object_id": "28",
    "object_repr": "odatda Acer, Asus, Fujitsu-Siemens, Panasonic, Samsung, Sony, Toshiba, Dell и Lenovo noutbuklari uchun biosga kirish qaysi funksional tugma yordamida amalga oshiriladi?",
    "action_flag": 1,
    "change_message": "[{\"added\": {}}, {\"added\": {\"name\": \"variant\", \"object\": \"F6\"}}, {\"added\": {\"name\": \"variant\", \"object\": \"F2\"}}, {\"added\": {\"name\": \"variant\", \"object\": \"F!\"}}, {\"added\": {\"name\": \"variant\", \"object\": \"F9\"}}]"
  }
},
{
  "model": "admin.logentry",
  "pk": 105,
  "fields": {
    "action_time": "2023-04-02T10:17:46.441Z",
    "user": [
      "admin@gmail.com"
    ],
    "content_type": [
      "exams",
      "question"
    ],
    "object_id": "29",
    "object_repr": "Operatsion tizim nima?",
    "action_flag": 1,
    "change_message": "[{\"added\": {}}, {\"added\": {\"name\": \"variant\", \"object\": \"bu maxsus dastur bo\\u2019lib, bu dasturning asosiy vazifasi - kompyuter ishini boshqarishdir\"}}, {\"added\": {\"name\": \"variant\", \"object\": \"kompyuter va foydalanuvchi o\\u2019rtasida muloqotni o\\u2019rnatishdir\"}}, {\"added\": {\"name\": \"variant\", \"object\": \"tashqi qurilmalar bilan ishlash holatlarini sozlash va ular bilan muloqotni o\\u2019rnatish, har xil dasturlarni ishga tushirish va ularning ishlash holatlarini ta\\u2018minlashga xizmat qilishdir\"}}, {\"added\": {\"name\": \"variant\", \"object\": \"barcha javob to'g'ri\"}}]"
  }
},
{
  "model": "admin.logentry",
  "pk": 106,
  "fields": {
    "action_time": "2023-04-02T10:32:24.415Z",
    "user": [
      "admin@gmail.com"
    ],
    "content_type": [
      "exams",
      "question"
    ],
    "object_id": "18",
    "object_repr": "…— bu ma’lumotlarni qog’ozli hujjatdan bevosita ЕHM ga kiritish qurilmasidir.",
    "action_flag": 3,
    "change_message": ""
  }
},
{
  "model": "admin.logentry",
  "pk": 107,
  "fields": {
    "action_time": "2023-04-02T10:32:24.418Z",
    "user": [
      "admin@gmail.com"
    ],
    "content_type": [
      "exams",
      "question"
    ],
    "object_id": "16",
    "object_repr": "Klaviatura necha qismdan iborat?",
    "action_flag": 3,
    "change_message": ""
  }
},
{
  "model": "admin.logentry",
  "pk": 108,
  "fields": {
    "action_time": "2023-04-02T10:32:24.420Z",
    "user": [
      "admin@gmail.com"
    ],
    "content_type": [
      "exams",
      "question"
    ],
    "object_id": "15",
    "object_repr": "...-kompyuterga  ma’lumotlarni kiritish qismi.",
    "action_flag": 3,
    "change_message": ""
  }
},
{
  "model": "admin.logentry",
  "pk": 109,
  "fields": {
    "action_time": "2023-04-02T11:04:07.010Z",
    "user": [
      "admin@gmail.com"
    ],
    "content_type": [
      "exams",
      "exam"
    ],
    "object_id": "6",
    "object_repr": "MATN PROTSESSORLARI. MATN MUHARRIRLARI IMKONIYATLARI BILAN TANISHISH",
    "action_flag": 1,
    "change_message": "[{\"added\": {}}]"
  }
},
{
  "model": "admin.logentry",
  "pk": 110,
  "fields": {
    "action_time": "2023-04-02T11:04:44.121Z",
    "user": [
      "admin@gmail.com"
    ],
    "content_type": [
      "exams",
      "question"
    ],
    "object_id": "30",
    "object_repr": "Matnlarni kiritish va tahrirlovchi dasturlar  … deb ataladi.",
    "action_flag": 1,
    "change_message": "[{\"added\": {}}, {\"added\": {\"name\": \"variant\", \"object\": \"Matn muharrirlari\"}}, {\"added\": {\"name\": \"variant\", \"object\": \"Matn protsessorlari\"}}, {\"added\": {\"name\": \"variant\", \"object\": \"Matn kirituvchilari\"}}, {\"added\": {\"name\": \"variant\", \"object\": \"To\\u2019g\\u2019ri javob yo\\u2019q\"}}]"
  }
},
{
  "model": "admin.logentry",
  "pk": 111,
  "fields": {
    "action_time": "2023-04-02T11:05:14.239Z",
    "user": [
      "admin@gmail.com"
    ],
    "content_type": [
      "exams",
      "question"
    ],
    "object_id": "31",
    "object_repr": "Matnlarni kiritish va tahrirlovchi hamda farmatlovchi dasturlar … deb ataladi.",
    "action_flag": 1,
    "change_message": "[{\"added\": {}}, {\"added\": {\"name\": \"variant\", \"object\": \"Matn protsessorlari\"}}, {\"added\": {\"name\": \"variant\", \"object\": \"Matn muharrirlari\"}}, {\"added\": {\"name\": \"variant\", \"object\": \"Matn kirituvchilari\"}}, {\"added\": {\"name\": \"variant\", \"object\": \"To\\u2019g\\u2019ri javob yo\\u2019q\"}}]"
  }
},
{
  "model": "admin.logentry",
  "pk": 112,
  "fields": {
    "action_time": "2023-04-02T11:05:44.041Z",
    "user": [
      "admin@gmail.com"
    ],
    "content_type": [
      "exams",
      "question"
    ],
    "object_id": "32",
    "object_repr": "…- bu matnli xujjatlarni tuzish, ko‘zdan kechirish, taxrir qilish va chop etish uchun xizmat qiluvchi hamda Microsoft  Office dasturlari guruhiga kiruvchi zamonaviy matn muxarriridir.",
    "action_flag": 1,
    "change_message": "[{\"added\": {}}, {\"added\": {\"name\": \"variant\", \"object\": \"MS Word\"}}, {\"added\": {\"name\": \"variant\", \"object\": \"MS Excel\"}}, {\"added\": {\"name\": \"variant\", \"object\": \"Power point\"}}, {\"added\": {\"name\": \"variant\", \"object\": \"Paint\"}}]"
  }
},
{
  "model": "admin.logentry",
  "pk": 113,
  "fields": {
    "action_time": "2023-04-02T11:06:14.053Z",
    "user": [
      "admin@gmail.com"
    ],
    "content_type": [
      "exams",
      "question"
    ],
    "object_id": "33",
    "object_repr": "…— bitta chiziqda yozilgan so‘zlar, harflar yoki belgilar ketma ketligi.",
    "action_flag": 1,
    "change_message": "[{\"added\": {}}, {\"added\": {\"name\": \"variant\", \"object\": \"Satr\"}}, {\"added\": {\"name\": \"variant\", \"object\": \"Hoshiya\"}}, {\"added\": {\"name\": \"variant\", \"object\": \"Matn\"}}, {\"added\": {\"name\": \"variant\", \"object\": \"Format\"}}]"
  }
},
{
  "model": "admin.logentry",
  "pk": 114,
  "fields": {
    "action_time": "2023-04-02T11:06:55.603Z",
    "user": [
      "admin@gmail.com"
    ],
    "content_type": [
      "exams",
      "question"
    ],
    "object_id": "34",
    "object_repr": "…- mavjud matnli hujjatni o‘zgartirish, unga  qo‘shish, o‘chirish, matnni boitish va hokazo kabi amallar bajariladi.",
    "action_flag": 1,
    "change_message": "[{\"added\": {}}, {\"added\": {\"name\": \"variant\", \"object\": \"Kiritish amali\"}}, {\"added\": {\"name\": \"variant\", \"object\": \"Tahrirlash amali\"}}, {\"added\": {\"name\": \"variant\", \"object\": \"Formatlash amali\"}}, {\"added\": {\"name\": \"variant\", \"object\": \"To\\u2019g\\u2019ri javob yo\\u2019q\"}}]"
  }
},
{
  "model": "admin.logentry",
  "pk": 115,
  "fields": {
    "action_time": "2023-04-02T11:07:34.534Z",
    "user": [
      "admin@gmail.com"
    ],
    "content_type": [
      "exams",
      "question"
    ],
    "object_id": "35",
    "object_repr": "…- hujjatlarni rasmiylashtirish uchun kerak va bu amalning buyruqlari hujjatning ekrandagi yoki qog‘ozdagiko‘rinishini aniqlaydi.",
    "action_flag": 1,
    "change_message": "[{\"added\": {}}, {\"added\": {\"name\": \"variant\", \"object\": \"Tahrirlash amali\"}}, {\"added\": {\"name\": \"variant\", \"object\": \"Formatlash amali\"}}, {\"added\": {\"name\": \"variant\", \"object\": \"Kiritish amali\"}}, {\"added\": {\"name\": \"variant\", \"object\": \"To\\u2019g\\u2019ri javob yo\\u2019q\"}}]"
  }
},
{
  "model": "admin.logentry",
  "pk": 116,
  "fields": {
    "action_time": "2023-04-02T11:08:13.464Z",
    "user": [
      "admin@gmail.com"
    ],
    "content_type": [
      "exams",
      "question"
    ],
    "object_id": "36",
    "object_repr": "Word matn muharriri imkoniyatlari ko’rsatilgan qatorni toping.",
    "action_flag": 1,
    "change_message": "[{\"added\": {}}, {\"added\": {\"name\": \"variant\", \"object\": \"matnni kiritish, tahrir qilish va ko\\u2018zdan kechirish, qator oraliqlari abzatsini o\\u2018rnatish\"}}, {\"added\": {\"name\": \"variant\", \"object\": \"matematik, kimyoviy formulalarni yozish\"}}, {\"added\": {\"name\": \"variant\", \"object\": \"Barcha javoblar to\\u2019g\\u2019ri\"}}, {\"added\": {\"name\": \"variant\", \"object\": \"matn qismini ajratish va uni kerakli joyga nusxalash,hujjat mundarijasini tuzish;\"}}]"
  }
},
{
  "model": "admin.logentry",
  "pk": 117,
  "fields": {
    "action_time": "2023-04-02T11:09:08.825Z",
    "user": [
      "admin@gmail.com"
    ],
    "content_type": [
      "exams",
      "question"
    ],
    "object_id": "37",
    "object_repr": "Satr boshiga … tugma orqali o’tiladi",
    "action_flag": 1,
    "change_message": "[{\"added\": {}}, {\"added\": {\"name\": \"variant\", \"object\": \"Page Up\"}}, {\"added\": {\"name\": \"variant\", \"object\": \"Home\"}}, {\"added\": {\"name\": \"variant\", \"object\": \"End\"}}, {\"added\": {\"name\": \"variant\", \"object\": \"Page Down\"}}]"
  }
},
{
  "model": "admin.logentry",
  "pk": 118,
  "fields": {
    "action_time": "2023-04-02T11:09:46.374Z",
    "user": [
      "admin@gmail.com"
    ],
    "content_type": [
      "exams",
      "question"
    ],
    "object_id": "38",
    "object_repr": "Satr oxiriga … tugma orqali o’tiladi",
    "action_flag": 1,
    "change_message": "[{\"added\": {}}, {\"added\": {\"name\": \"variant\", \"object\": \"Home\"}}, {\"added\": {\"name\": \"variant\", \"object\": \"Page Up\"}}, {\"added\": {\"name\": \"variant\", \"object\": \"Page Down\"}}, {\"added\": {\"name\": \"variant\", \"object\": \"End\"}}]"
  }
},
{
  "model": "admin.logentry",
  "pk": 119,
  "fields": {
    "action_time": "2023-04-02T11:10:34.252Z",
    "user": [
      "admin@gmail.com"
    ],
    "content_type": [
      "exams",
      "question"
    ],
    "object_id": "39",
    "object_repr": "Bir sahifadan ikkinchisiga … va … klavishlari yordamida o’tiladi.",
    "action_flag": 1,
    "change_message": "[{\"added\": {}}, {\"added\": {\"name\": \"variant\", \"object\": \"Page Up, End\"}}, {\"added\": {\"name\": \"variant\", \"object\": \"Page Dn, Home\"}}, {\"added\": {\"name\": \"variant\", \"object\": \"Home, End\"}}, {\"added\": {\"name\": \"variant\", \"object\": \"Page Up ,Page Dn\"}}]"
  }
},
{
  "model": "admin.logentry",
  "pk": 120,
  "fields": {
    "action_time": "2023-04-02T11:15:48.487Z",
    "user": [
      "admin@gmail.com"
    ],
    "content_type": [
      "exams",
      "exam"
    ],
    "object_id": "7",
    "object_repr": "ELEKTRON JADVALLAR BILAN ISHLASH",
    "action_flag": 1,
    "change_message": "[{\"added\": {}}]"
  }
},
{
  "model": "admin.logentry",
  "pk": 121,
  "fields": {
    "action_time": "2023-04-02T11:18:18.395Z",
    "user": [
      "admin@gmail.com"
    ],
    "content_type": [
      "exams",
      "question"
    ],
    "object_id": "40",
    "object_repr": "…-sonning absolyut qiymatini hisoblaydi",
    "action_flag": 1,
    "change_message": "[{\"added\": {}}, {\"added\": {\"name\": \"variant\", \"object\": \"ABS\"}}, {\"added\": {\"name\": \"variant\", \"object\": \"\\u0417\\u043d\\u0430\\u043a\"}}, {\"added\": {\"name\": \"variant\", \"object\": \"\\u041a\\u043e\\u0440\\u0435\\u043d\"}}, {\"added\": {\"name\": \"variant\", \"object\": \"\\u041e\\u0441\\u0442\\u0430\\u0442\"}}]"
  }
},
{
  "model": "admin.logentry",
  "pk": 122,
  "fields": {
    "action_time": "2023-04-02T11:19:21.825Z",
    "user": [
      "admin@gmail.com"
    ],
    "content_type": [
      "exams",
      "question"
    ],
    "object_id": "41",
    "object_repr": "…-Sonning kvadrat ildizini hisoblaydi.",
    "action_flag": 1,
    "change_message": "[{\"added\": {}}, {\"added\": {\"name\": \"variant\", \"object\": \"ABS\"}}, {\"added\": {\"name\": \"variant\", \"object\": \"\\u0417\\u043d\\u0430\\u043a\"}}, {\"added\": {\"name\": \"variant\", \"object\": \"\\u041a\\u043e\\u0440\\u0435\\u043d\"}}, {\"added\": {\"name\": \"variant\", \"object\": \"\\u041e\\u0441\\u0442\\u0430\\u0442\"}}]"
  }
},
{
  "model": "admin.logentry",
  "pk": 123,
  "fields": {
    "action_time": "2023-04-02T11:20:19.732Z",
    "user": [
      "admin@gmail.com"
    ],
    "content_type": [
      "exams",
      "question"
    ],
    "object_id": "42",
    "object_repr": "…-Sonni bo’luvchiga bo’lgandagi qoldiqni hisoblaydi",
    "action_flag": 1,
    "change_message": "[{\"added\": {}}, {\"added\": {\"name\": \"variant\", \"object\": \"ABS\"}}, {\"added\": {\"name\": \"variant\", \"object\": \"\\u041e\\u0441\\u0442\\u0430\\u0442\"}}, {\"added\": {\"name\": \"variant\", \"object\": \"\\u0417\\u043d\\u0430\\u043a\"}}, {\"added\": {\"name\": \"variant\", \"object\": \"\\u041a\\u043e\\u0440\\u0435\\u043d\"}}]"
  }
},
{
  "model": "admin.logentry",
  "pk": 124,
  "fields": {
    "action_time": "2023-04-02T11:22:57.836Z",
    "user": [
      "admin@gmail.com"
    ],
    "content_type": [
      "exams",
      "question"
    ],
    "object_id": "43",
    "object_repr": "…-sonni darajaga ko’taradi.",
    "action_flag": 1,
    "change_message": "[{\"added\": {}}, {\"added\": {\"name\": \"variant\", \"object\": \"ABS\"}}, {\"added\": {\"name\": \"variant\", \"object\": \"\\u0417\\u043d\\u0430\\u043a\"}}, {\"added\": {\"name\": \"variant\", \"object\": \"\\u0421\\u0442\\u0435\\u043f\\u0435\\u043d\\u044c\"}}, {\"added\": {\"name\": \"variant\", \"object\": \"\\u041a\\u043e\\u0440\\u0435\\u043d\"}}]"
  }
},
{
  "model": "admin.logentry",
  "pk": 125,
  "fields": {
    "action_time": "2023-04-02T11:23:29.060Z",
    "user": [
      "admin@gmail.com"
    ],
    "content_type": [
      "exams",
      "question"
    ],
    "object_id": "44",
    "object_repr": "…-katakchalar blokidagi qiymatlarning yig’indisini hisoblaydi.",
    "action_flag": 1,
    "change_message": "[{\"added\": {}}, {\"added\": {\"name\": \"variant\", \"object\": \"\\u0421\\u0443\\u043c\\u043c\"}}, {\"added\": {\"name\": \"variant\", \"object\": \"\\u0426\\u0435\\u043b\\u043e\\u0435\"}}, {\"added\": {\"name\": \"variant\", \"object\": \"\\u0417\\u043d\\u0430\\u043a\"}}, {\"added\": {\"name\": \"variant\", \"object\": \"\\u041a\\u043e\\u0440\\u0435\\u043d\"}}]"
  }
},
{
  "model": "admin.logentry",
  "pk": 126,
  "fields": {
    "action_time": "2023-04-02T11:24:06.717Z",
    "user": [
      "admin@gmail.com"
    ],
    "content_type": [
      "exams",
      "question"
    ],
    "object_id": "45",
    "object_repr": "…kichik butun songacha yaxlitlaydi",
    "action_flag": 1,
    "change_message": "[{\"added\": {}}, {\"added\": {\"name\": \"variant\", \"object\": \"\\u0426\\u0435\\u043b\\u043e\\u0435\"}}, {\"added\": {\"name\": \"variant\", \"object\": \"ABS\"}}, {\"added\": {\"name\": \"variant\", \"object\": \"\\u0417\\u043d\\u0430\\u043a\"}}, {\"added\": {\"name\": \"variant\", \"object\": \"\\u041a\\u043e\\u0440\\u0435\\u043d\"}}]"
  }
},
{
  "model": "admin.logentry",
  "pk": 127,
  "fields": {
    "action_time": "2023-04-02T11:29:25.723Z",
    "user": [
      "admin@gmail.com"
    ],
    "content_type": [
      "exams",
      "question"
    ],
    "object_id": "46",
    "object_repr": "…- ko’rsatilgan yacheykadagi sonlarning eng katta qiymatini ainqlaydi",
    "action_flag": 1,
    "change_message": "[{\"added\": {}}, {\"added\": {\"name\": \"variant\", \"object\": \"\\u041c\\u0438\\u043d\"}}, {\"added\": {\"name\": \"variant\", \"object\": \"\\u0421\\u0440\\u0437\\u043d\\u0430\\u0447\"}}, {\"added\": {\"name\": \"variant\", \"object\": \"\\u041c\\u0430\\u043a\\u0441\"}}, {\"added\": {\"name\": \"variant\", \"object\": \"\\u0421\\u0447\\u0435\\u0442\\u0435\\u0441\\u043b\\u0438\"}}]"
  }
},
{
  "model": "admin.logentry",
  "pk": 128,
  "fields": {
    "action_time": "2023-04-02T11:29:56.514Z",
    "user": [
      "admin@gmail.com"
    ],
    "content_type": [
      "exams",
      "question"
    ],
    "object_id": "47",
    "object_repr": "…- ko’rsatilgan yacheykadagi sonlarning o’rta arifmetik qiymatini aniqlaydi.",
    "action_flag": 1,
    "change_message": "[{\"added\": {}}, {\"added\": {\"name\": \"variant\", \"object\": \"\\u041c\\u0438\\u043d\"}}, {\"added\": {\"name\": \"variant\", \"object\": \"\\u041c\\u0430\\u043a\\u0441\"}}, {\"added\": {\"name\": \"variant\", \"object\": \"\\u0421\\u0440\\u0437\\u043d\\u0430\\u0447\"}}, {\"added\": {\"name\": \"variant\", \"object\": \"\\u0421\\u0447\\u0435\\u0442\\u0435\\u0441\\u043b\\u0438\"}}]"
  }
},
{
  "model": "admin.logentry",
  "pk": 129,
  "fields": {
    "action_time": "2023-04-02T11:30:33.978Z",
    "user": [
      "admin@gmail.com"
    ],
    "content_type": [
      "exams",
      "question"
    ],
    "object_id": "48",
    "object_repr": "…-Shartni qanoatlantiruvchi blokning bo’sh bo’lmagan katakchalari sonini sanaydi.",
    "action_flag": 1,
    "change_message": "[{\"added\": {}}, {\"added\": {\"name\": \"variant\", \"object\": \"\\u041c\\u0438\\u043d\"}}, {\"added\": {\"name\": \"variant\", \"object\": \"\\u041c\\u0430\\u043a\\u0441\"}}, {\"added\": {\"name\": \"variant\", \"object\": \"\\u0421\\u0447\\u0435\\u0442\\u0435\\u0441\\u043b\\u0438\"}}, {\"added\": {\"name\": \"variant\", \"object\": \"\\u0421\\u0440\\u0437\\u043d\\u0430\\u0447\"}}]"
  }
},
{
  "model": "admin.logentry",
  "pk": 130,
  "fields": {
    "action_time": "2023-04-02T11:31:10.951Z",
    "user": [
      "admin@gmail.com"
    ],
    "content_type": [
      "exams",
      "question"
    ],
    "object_id": "49",
    "object_repr": "…- Matndagi belgilar sonini sanaydi.",
    "action_flag": 1,
    "change_message": "[{\"added\": {}}, {\"added\": {\"name\": \"variant\", \"object\": \"\\u0414\\u041b\\u0421\\u0422\\u0420\"}}, {\"added\": {\"name\": \"variant\", \"object\": \"\\u0417\\u041d\\u0410\\u0427\\u0415\\u041d\"}}, {\"added\": {\"name\": \"variant\", \"object\": \"\\u0421\\u0422\\u0415\\u041f\\u0418\\u0422\\u042c\"}}, {\"added\": {\"name\": \"variant\", \"object\": \"\\u041b\\u0415\\u0412\\u0421\\u0418\\u041c\\u0412\"}}]"
  }
},
{
  "model": "admin.logentry",
  "pk": 131,
  "fields": {
    "action_time": "2023-04-02T11:32:35.189Z",
    "user": [
      "admin@gmail.com"
    ],
    "content_type": [
      "exams",
      "exam"
    ],
    "object_id": "8",
    "object_repr": "TAQDIMOT MUHARRIRLARI VA ULARNING",
    "action_flag": 1,
    "change_message": "[{\"added\": {}}]"
  }
},
{
  "model": "admin.logentry",
  "pk": 132,
  "fields": {
    "action_time": "2023-04-02T11:33:16.448Z",
    "user": [
      "admin@gmail.com"
    ],
    "content_type": [
      "exams",
      "question"
    ],
    "object_id": "50",
    "object_repr": "Agar taqdimot jarayonida (PowerPoint dasturida) Esc tugmasi bosilsa nima hodisa ro’y beradi?",
    "action_flag": 1,
    "change_message": "[{\"added\": {}}, {\"added\": {\"name\": \"variant\", \"object\": \"PowerPoint dasturi yopiladi\"}}, {\"added\": {\"name\": \"variant\", \"object\": \"Taqdimot namoyisi yopiladi.\"}}, {\"added\": {\"name\": \"variant\", \"object\": \"Navbatdagi slayd ko\\u2019rinadi\"}}, {\"added\": {\"name\": \"variant\", \"object\": \"Oldingi slayd ko\\u2019rinadi\"}}]"
  }
},
{
  "model": "admin.logentry",
  "pk": 133,
  "fields": {
    "action_time": "2023-04-02T11:34:14.066Z",
    "user": [
      "admin@gmail.com"
    ],
    "content_type": [
      "exams",
      "question"
    ],
    "object_id": "51",
    "object_repr": "Agar rasmda ko’rsatilgan obyektni yashil rangdagi nuqtasidan sichqoncha yordamida u yoki bu tarafga surilsa nima hodisa ro’y beradi?",
    "action_flag": 1,
    "change_message": "[{\"added\": {}}, {\"added\": {\"name\": \"variant\", \"object\": \"Yozuv qiyaligi o\\u2019zgaradi.\"}}, {\"added\": {\"name\": \"variant\", \"object\": \"Yozuv o\\u2019lchami o\\u2019zgaradi\"}}, {\"added\": {\"name\": \"variant\", \"object\": \"Yozuv shrifti o\\u2019zgaradi\"}}, {\"added\": {\"name\": \"variant\", \"object\": \"Yozuv o\\u2019rni o\\u2019zgaradi\"}}]"
  }
},
{
  "model": "admin.logentry",
  "pk": 134,
  "fields": {
    "action_time": "2023-04-02T11:34:40.422Z",
    "user": [
      "admin@gmail.com"
    ],
    "content_type": [
      "exams",
      "question"
    ],
    "object_id": "52",
    "object_repr": "Microsoft PowerPoint dasturida yaratilgan fayllar qanday ataladi?",
    "action_flag": 1,
    "change_message": "[{\"added\": {}}, {\"added\": {\"name\": \"variant\", \"object\": \"Hujjat\"}}, {\"added\": {\"name\": \"variant\", \"object\": \"jadval\"}}, {\"added\": {\"name\": \"variant\", \"object\": \"Tasvir\"}}, {\"added\": {\"name\": \"variant\", \"object\": \"Taqdimot\"}}]"
  }
},
{
  "model": "admin.logentry",
  "pk": 135,
  "fields": {
    "action_time": "2023-04-02T11:35:14.571Z",
    "user": [
      "admin@gmail.com"
    ],
    "content_type": [
      "exams",
      "question"
    ],
    "object_id": "53",
    "object_repr": "Microsoft PowerPoint dasturida qo’yidagi tugmalardan qaysi biridan foydalanib slaydga jadval qo’yish mumkin?",
    "action_flag": 1,
    "change_message": "[{\"added\": {}}, {\"added\": {\"name\": \"variant\", \"object\": \"1\"}}, {\"added\": {\"name\": \"variant\", \"object\": \"2\"}}, {\"added\": {\"name\": \"variant\", \"object\": \"3\"}}, {\"added\": {\"name\": \"variant\", \"object\": \"4\"}}]"
  }
},
{
  "model": "admin.logentry",
  "pk": 136,
  "fields": {
    "action_time": "2023-04-02T11:35:48.647Z",
    "user": [
      "admin@gmail.com"
    ],
    "content_type": [
      "exams",
      "question"
    ],
    "object_id": "54",
    "object_repr": "«*.ppt» kengaytmali fayl ustida sichqonchaning chap tugmasi ikki marta bosilsa nima bo’ladi",
    "action_flag": 1,
    "change_message": "[{\"added\": {}}, {\"added\": {\"name\": \"variant\", \"object\": \"Microsoft Access dasturi ishga tushadi va unda tanlangan hujjat yuklanadi.\"}}, {\"added\": {\"name\": \"variant\", \"object\": \"Microsoft Excel dasturi ishga tushadi va unda tanlangan hujjat yuklanadi.\"}}, {\"added\": {\"name\": \"variant\", \"object\": \"Microsoft PowerPoint dasturi ishga tushadi va unda tanlangan hujjat yuklanadi.\"}}, {\"added\": {\"name\": \"variant\", \"object\": \"Microsoft Word dasturi ishga tushadi va unda tanlangan hujjat yuklanadi.\"}}]"
  }
},
{
  "model": "admin.logentry",
  "pk": 137,
  "fields": {
    "action_time": "2023-04-02T11:36:40.060Z",
    "user": [
      "admin@gmail.com"
    ],
    "content_type": [
      "exams",
      "question"
    ],
    "object_id": "55",
    "object_repr": "Microsoft Power Point dasturi imkoniyatlari to’gri berilgan qatorni toping?",
    "action_flag": 1,
    "change_message": "[{\"added\": {}}, {\"added\": {\"name\": \"variant\", \"object\": \"Prezentatsion slaydlarni yaratish, Slaydlarni tahrirlash, Slaydlarni tahrirlash\"}}, {\"added\": {\"name\": \"variant\", \"object\": \"Slaydlarda animatsiya effektlarini o\\u2018rnatish, Slaydlarga audio va video fayllarni qo\\u2018yish, Prezentatsiyani namoyish etish va boshqalardir.\"}}, {\"added\": {\"name\": \"variant\", \"object\": \"Rasm, grafik, diagrammalarni o\\u2018rnatish, Windows ilovalari hujjatlaridan foydalanish, Slaydlarda animatsiya effektlarini o\\u2018rnatish\"}}, {\"added\": {\"name\": \"variant\", \"object\": \"Barcha javoblar to\\u2019g\\u2019ri\"}}]"
  }
},
{
  "model": "admin.logentry",
  "pk": 138,
  "fields": {
    "action_time": "2023-04-02T11:37:08.782Z",
    "user": [
      "admin@gmail.com"
    ],
    "content_type": [
      "exams",
      "question"
    ],
    "object_id": "56",
    "object_repr": "Power Point interfeysi nimalardan iborat?",
    "action_flag": 1,
    "change_message": "[{\"added\": {}}, {\"added\": {\"name\": \"variant\", \"object\": \"sarlavhalar satri, menyular satri, uskunalar paneli\"}}, {\"added\": {\"name\": \"variant\", \"object\": \"uskunalar paneli va ishchi maydoniga ega\"}}, {\"added\": {\"name\": \"variant\", \"object\": \"sarlavhalar satri, menyular satri, ishchi maydoniga ega\"}}, {\"added\": {\"name\": \"variant\", \"object\": \"sarlavhalar satri, menyular satri, uskunalar paneli, uskunalar paneli va ishchi maydoniga ega\"}}]"
  }
},
{
  "model": "admin.logentry",
  "pk": 139,
  "fields": {
    "action_time": "2023-04-02T11:37:38.071Z",
    "user": [
      "admin@gmail.com"
    ],
    "content_type": [
      "exams",
      "question"
    ],
    "object_id": "57",
    "object_repr": "“Вставка” menyusining “Мультимедиа” buyrug‘i yordamida slaydga qanday obyektlarni joylashtirish mumkin?",
    "action_flag": 1,
    "change_message": "[{\"added\": {}}, {\"added\": {\"name\": \"variant\", \"object\": \"video joylash\"}}, {\"added\": {\"name\": \"variant\", \"object\": \"audio joylash\"}}, {\"added\": {\"name\": \"variant\", \"object\": \"ikkita javob ham to\\u2019g\\u2019ri\"}}]"
  }
},
{
  "model": "admin.logentry",
  "pk": 140,
  "fields": {
    "action_time": "2023-04-02T11:38:14.334Z",
    "user": [
      "admin@gmail.com"
    ],
    "content_type": [
      "exams",
      "question"
    ],
    "object_id": "58",
    "object_repr": "Gipermurojaat (ingl.hyperlink, rus. гиперссылка) nima",
    "action_flag": 1,
    "change_message": "[{\"added\": {}}, {\"added\": {\"name\": \"variant\", \"object\": \"hujjatning bir qismidan boshqa qismiga yoki boshqa hujjatga o'tish imkonini beruvchi murojaat\"}}, {\"added\": {\"name\": \"variant\", \"object\": \"hujjatning bir qismini boshqa qismidan ajratish uchun mo\\u2019ljallagan murojat\"}}, {\"added\": {\"name\": \"variant\", \"object\": \"Hujjatning aynan belgilangan qismini saqlash uchun mo\\u2019ljallangan murojaat\"}}]"
  }
},
{
  "model": "admin.logentry",
  "pk": 141,
  "fields": {
    "action_time": "2023-04-02T11:38:54.488Z",
    "user": [
      "admin@gmail.com"
    ],
    "content_type": [
      "exams",
      "question"
    ],
    "object_id": "59",
    "object_repr": "Slayd nima?",
    "action_flag": 1,
    "change_message": "[{\"added\": {}}, {\"added\": {\"name\": \"variant\", \"object\": \"bu prezentatsiyani alohida kadri bo\\u2018lib, matnni, sarlavhalarini grafik va diagrammalarni o\\u2018z ichiga oladi\"}}, {\"added\": {\"name\": \"variant\", \"object\": \"faqatgina diagrammalar bilan ishlashni o\\u2019z ichiga oladi\"}}, {\"added\": {\"name\": \"variant\", \"object\": \"ma\\u2019lum bir o\\u2018lchamga ega bo\\u2018lgan muloqot varaqlari hisoblanadi.\"}}, {\"added\": {\"name\": \"variant\", \"object\": \"A va C javoblar to\\u2019g\\u2019ri\"}}]"
  }
},
{
  "model": "admin.logentry",
  "pk": 142,
  "fields": {
    "action_time": "2023-04-02T11:39:21.935Z",
    "user": [
      "admin@gmail.com"
    ],
    "content_type": [
      "exams",
      "question"
    ],
    "object_id": "60",
    "object_repr": "Microsoft PowerPoint dasturida qo’yidagi tugmalardan qaysi biridan foydalanib slaydga vedio qo’yish mumkin?",
    "action_flag": 1,
    "change_message": "[{\"added\": {}}, {\"added\": {\"name\": \"variant\", \"object\": \"6\"}}, {\"added\": {\"name\": \"variant\", \"object\": \"4\"}}, {\"added\": {\"name\": \"variant\", \"object\": \"3\"}}, {\"added\": {\"name\": \"variant\", \"object\": \"1\"}}]"
  }
},
{
  "model": "admin.logentry",
  "pk": 143,
  "fields": {
    "action_time": "2023-04-02T11:39:48.063Z",
    "user": [
      "admin@gmail.com"
    ],
    "content_type": [
      "exams",
      "question"
    ],
    "object_id": "57",
    "object_repr": "“Вставка” menyusining “Мультимедиа” buyrug‘i yordamida slaydga qanday obyektlarni joylashtirish mumkin?",
    "action_flag": 3,
    "change_message": ""
  }
},
{
  "model": "admin.logentry",
  "pk": 144,
  "fields": {
    "action_time": "2023-04-02T11:41:07.278Z",
    "user": [
      "admin@gmail.com"
    ],
    "content_type": [
      "exams",
      "exam"
    ],
    "object_id": "9",
    "object_repr": "MS Access dasturining asosiy elementlar paneli va interfeysi",
    "action_flag": 1,
    "change_message": "[{\"added\": {}}]"
  }
},
{
  "model": "admin.logentry",
  "pk": 145,
  "fields": {
    "action_time": "2023-04-02T11:42:45.508Z",
    "user": [
      "admin@gmail.com"
    ],
    "content_type": [
      "exams",
      "question"
    ],
    "object_id": "61",
    "object_repr": "Asosiy Access obyektlarini aniqlang",
    "action_flag": 1,
    "change_message": "[{\"added\": {}}, {\"added\": {\"name\": \"variant\", \"object\": \"So\\u2019rovlar,hisobotlar,shakllar,makroslar,jadvallar\"}}, {\"added\": {\"name\": \"variant\", \"object\": \"So\\u2019rovlar,hisobotlar\"}}, {\"added\": {\"name\": \"variant\", \"object\": \"Jadvallar, shakllar,hisobotlar\"}}, {\"added\": {\"name\": \"variant\", \"object\": \"hisobotlar,shakllar,makroslar\"}}]"
  }
},
{
  "model": "admin.logentry",
  "pk": 146,
  "fields": {
    "action_time": "2023-04-02T11:43:45.561Z",
    "user": [
      "admin@gmail.com"
    ],
    "content_type": [
      "exams",
      "question"
    ],
    "object_id": "62",
    "object_repr": "MOBT nima?",
    "action_flag": 1,
    "change_message": "[{\"added\": {}}, {\"added\": {\"name\": \"variant\", \"object\": \"Ma\\u2019lumotlar omborini bilish tizimi\"}}, {\"added\": {\"name\": \"variant\", \"object\": \"foydalanuvchilar tomonidan MO ni yaratish,to\\u2019ldirish va birgalikda qo\\u2019llash uchun mo\\u2019ljallangan dasturiy vositalar tizimi\"}}, {\"added\": {\"name\": \"variant\", \"object\": \"Jadvallar bilan ishlashga mo\\u2019ljallangan dastur\"}}, {\"added\": {\"name\": \"variant\", \"object\": \"Matnlar bilan ishlashga mo\\u2019ljallangan dastur\"}}]"
  }
},
{
  "model": "admin.logentry",
  "pk": 147,
  "fields": {
    "action_time": "2023-04-02T11:44:34.795Z",
    "user": [
      "admin@gmail.com"
    ],
    "content_type": [
      "exams",
      "question"
    ],
    "object_id": "63",
    "object_repr": "Ma’lumotlar bazasi fayli kengaytmasini aniqlang",
    "action_flag": 1,
    "change_message": "[{\"added\": {}}, {\"added\": {\"name\": \"variant\", \"object\": \".mdb\"}}, {\"added\": {\"name\": \"variant\", \"object\": \".mbd\"}}, {\"added\": {\"name\": \"variant\", \"object\": \".txt\"}}, {\"added\": {\"name\": \"variant\", \"object\": \".ppt\"}}]"
  }
},
{
  "model": "admin.logentry",
  "pk": 148,
  "fields": {
    "action_time": "2023-04-02T11:45:45.047Z",
    "user": [
      "admin@gmail.com"
    ],
    "content_type": [
      "exams",
      "question"
    ],
    "object_id": "64",
    "object_repr": "Ma’lumotlar bazasidan SELECT nima vazifani bajaradi",
    "action_flag": 1,
    "change_message": "[{\"added\": {}}, {\"added\": {\"name\": \"variant\", \"object\": \"To\\u2019g\\u2019ri javob yo\\u2019q\"}}, {\"added\": {\"name\": \"variant\", \"object\": \"Ombordan ma\\u2019lumotlarni kiritadi\"}}, {\"added\": {\"name\": \"variant\", \"object\": \"Ombordan ma\\u2019lumotlarni chaqiradi\"}}, {\"added\": {\"name\": \"variant\", \"object\": \"Ombordagi ma\\u2019lumotlarni o\\u2019zgartiradi\"}}]"
  }
},
{
  "model": "admin.logentry",
  "pk": 149,
  "fields": {
    "action_time": "2023-04-02T11:46:11.511Z",
    "user": [
      "admin@gmail.com"
    ],
    "content_type": [
      "exams",
      "question"
    ],
    "object_id": "65",
    "object_repr": "Таблицы, Запроцы,                          Формы,Страницы, Отчеты va  Макрослар Access uchun nima bo’lib hisoblanadi",
    "action_flag": 1,
    "change_message": "[{\"added\": {}}, {\"added\": {\"name\": \"variant\", \"object\": \"Asosiy menyular\"}}, {\"added\": {\"name\": \"variant\", \"object\": \"Asosiy elementlar\"}}, {\"added\": {\"name\": \"variant\", \"object\": \"Asosiy funksiyalar\"}}, {\"added\": {\"name\": \"variant\", \"object\": \"Uskunalar paneli\"}}]"
  }
},
{
  "model": "admin.logentry",
  "pk": 150,
  "fields": {
    "action_time": "2023-04-02T11:48:00.731Z",
    "user": [
      "admin@gmail.com"
    ],
    "content_type": [
      "exams",
      "question"
    ],
    "object_id": "66",
    "object_repr": "Ma'lumotlarni saqlashga mo'ljallangan Access dasturi elementi",
    "action_flag": 1,
    "change_message": "[{\"added\": {}}, {\"added\": {\"name\": \"variant\", \"object\": \"Jadvallar\"}}, {\"added\": {\"name\": \"variant\", \"object\": \"so'rovlar\"}}, {\"added\": {\"name\": \"variant\", \"object\": \"shakllar\"}}, {\"added\": {\"name\": \"variant\", \"object\": \"hisobotlar\"}}]"
  }
},
{
  "model": "admin.logentry",
  "pk": 151,
  "fields": {
    "action_time": "2023-04-02T11:48:49.384Z",
    "user": [
      "admin@gmail.com"
    ],
    "content_type": [
      "exams",
      "question"
    ],
    "object_id": "67",
    "object_repr": "Talab qilingan ma'lumotlarnigina qidirish va ajratib olishga hizmat qiluvchi Access dasturi elementi",
    "action_flag": 1,
    "change_message": "[{\"added\": {}}, {\"added\": {\"name\": \"variant\", \"object\": \"so'rovlar\"}}, {\"added\": {\"name\": \"variant\", \"object\": \"jadvallar\"}}, {\"added\": {\"name\": \"variant\", \"object\": \"shakllar\"}}, {\"added\": {\"name\": \"variant\", \"object\": \"hisobotlar\"}}]"
  }
},
{
  "model": "admin.logentry",
  "pk": 152,
  "fields": {
    "action_time": "2023-04-02T11:49:24.199Z",
    "user": [
      "admin@gmail.com"
    ],
    "content_type": [
      "exams",
      "question"
    ],
    "object_id": "68",
    "object_repr": "MB jadvalidagi ma'lumotlarni ko'rish, ularga qo'shimchalar qilish va ularni o'zlashtirishga qaratilgan Access dasturi elementi",
    "action_flag": 1,
    "change_message": "[{\"added\": {}}, {\"added\": {\"name\": \"variant\", \"object\": \"Shakllar\"}}, {\"added\": {\"name\": \"variant\", \"object\": \"so'rovlar\"}}, {\"added\": {\"name\": \"variant\", \"object\": \"jadvallar\"}}, {\"added\": {\"name\": \"variant\", \"object\": \"hisobotlar\"}}]"
  }
},
{
  "model": "admin.logentry",
  "pk": 153,
  "fields": {
    "action_time": "2023-04-02T11:54:59.059Z",
    "user": [
      "admin@gmail.com"
    ],
    "content_type": [
      "exams",
      "question"
    ],
    "object_id": "69",
    "object_repr": "2.\tMa’lumotlarning  qanday modellari mavjud?",
    "action_flag": 1,
    "change_message": "[{\"added\": {}}, {\"added\": {\"name\": \"variant\", \"object\": \"Tarmoqli\"}}, {\"added\": {\"name\": \"variant\", \"object\": \"ierarxik\"}}, {\"added\": {\"name\": \"variant\", \"object\": \"relyatsion\"}}, {\"added\": {\"name\": \"variant\", \"object\": \"barcha javob to'g'ri\"}}]"
  }
},
{
  "model": "admin.logentry",
  "pk": 154,
  "fields": {
    "action_time": "2023-04-02T11:56:16.502Z",
    "user": [
      "admin@gmail.com"
    ],
    "content_type": [
      "exams",
      "question"
    ],
    "object_id": "70",
    "object_repr": "8.\tMohiyatl aloqa modelining turlarini to’g’ri tanlang.",
    "action_flag": 1,
    "change_message": "[{\"added\": {}}, {\"added\": {\"name\": \"variant\", \"object\": \"Ko\\u2019pka ko\\u2019p N:M\"}}, {\"added\": {\"name\": \"variant\", \"object\": \"Birga bir 1:1\"}}, {\"added\": {\"name\": \"variant\", \"object\": \"Birga ko\\u2019p 1:N\"}}, {\"added\": {\"name\": \"variant\", \"object\": \"barcha javob to'g'ri\"}}]"
  }
},
{
  "model": "admin.logentry",
  "pk": 155,
  "fields": {
    "action_time": "2023-04-02T11:59:38.681Z",
    "user": [
      "admin@gmail.com"
    ],
    "content_type": [
      "exams",
      "exam"
    ],
    "object_id": "10",
    "object_repr": "CorelDRAW DASTURI",
    "action_flag": 1,
    "change_message": "[{\"added\": {}}]"
  }
},
{
  "model": "admin.logentry",
  "pk": 156,
  "fields": {
    "action_time": "2023-04-02T12:01:03.691Z",
    "user": [
      "admin@gmail.com"
    ],
    "content_type": [
      "exams",
      "exam"
    ],
    "object_id": "10",
    "object_repr": "Grafik dasturlar bilan ishlash",
    "action_flag": 2,
    "change_message": "[{\"changed\": {\"fields\": [\"Title\"]}}]"
  }
},
{
  "model": "admin.logentry",
  "pk": 157,
  "fields": {
    "action_time": "2023-04-02T12:01:58.145Z",
    "user": [
      "admin@gmail.com"
    ],
    "content_type": [
      "exams",
      "question"
    ],
    "object_id": "71",
    "object_repr": "Kompyuter grafikasi nima?",
    "action_flag": 1,
    "change_message": "[{\"added\": {}}, {\"added\": {\"name\": \"variant\", \"object\": \"EHM boshqaruvida grafik ob'ektlarni kiritish, chiqarish, tasvirlash, o'zgartirish va tahrirlashdir\"}}, {\"added\": {\"name\": \"variant\", \"object\": \"ekranda tasvirlarni \\\"jonlantirish\\\", kompyuterda dinamik tasvirlar sintezidir.\"}}, {\"added\": {\"name\": \"variant\", \"object\": \"Virtual fazoda xajmli ob'ektlarni yaratish usullarini o'rganuvchi soha\"}}, {\"added\": {\"name\": \"variant\", \"object\": \"To'g'ri javob yo'q\"}}]"
  }
},
{
  "model": "admin.logentry",
  "pk": 158,
  "fields": {
    "action_time": "2023-04-02T12:02:40.605Z",
    "user": [
      "admin@gmail.com"
    ],
    "content_type": [
      "exams",
      "question"
    ],
    "object_id": "72",
    "object_repr": "Rastrli grafika asosini nima tashkil qiladi",
    "action_flag": 1,
    "change_message": "[{\"added\": {}}, {\"added\": {\"name\": \"variant\", \"object\": \"Chiziqlar\"}}, {\"added\": {\"name\": \"variant\", \"object\": \"Fraktallar\"}}, {\"added\": {\"name\": \"variant\", \"object\": \"Nuqtalar\"}}, {\"added\": {\"name\": \"variant\", \"object\": \"barcha javob to'g'ri\"}}]"
  }
},
{
  "model": "admin.logentry",
  "pk": 159,
  "fields": {
    "action_time": "2023-04-02T12:05:51.581Z",
    "user": [
      "admin@gmail.com"
    ],
    "content_type": [
      "exams",
      "question"
    ],
    "object_id": "73",
    "object_repr": "Vektor grafika asosini nima tashkil qiladi",
    "action_flag": 1,
    "change_message": "[{\"added\": {}}, {\"added\": {\"name\": \"variant\", \"object\": \"Chiziqlar\"}}, {\"added\": {\"name\": \"variant\", \"object\": \"Nuqtalar\"}}, {\"added\": {\"name\": \"variant\", \"object\": \"Fraktallar\"}}, {\"added\": {\"name\": \"variant\", \"object\": \"barcha javob to'g'ri\"}}]"
  }
},
{
  "model": "admin.logentry",
  "pk": 160,
  "fields": {
    "action_time": "2023-04-02T12:07:31.343Z",
    "user": [
      "admin@gmail.com"
    ],
    "content_type": [
      "exams",
      "question"
    ],
    "object_id": "74",
    "object_repr": "Piksel nima?",
    "action_flag": 1,
    "change_message": "[{\"added\": {}}, {\"added\": {\"name\": \"variant\", \"object\": \"rasmning elementar ob`ekti;\"}}, {\"added\": {\"name\": \"variant\", \"object\": \"ekranning yorug'nuqtasi;\"}}, {\"added\": {\"name\": \"variant\", \"object\": \"nishonlar (\\u0437\\u043d\\u0430\\u0447\\u043e\\u043a) va yorliqlar;\"}}, {\"added\": {\"name\": \"variant\", \"object\": \"elementar (oddiy) ob`ekt;\"}}]"
  }
},
{
  "model": "admin.logentry",
  "pk": 161,
  "fields": {
    "action_time": "2023-04-02T12:08:06.366Z",
    "user": [
      "admin@gmail.com"
    ],
    "content_type": [
      "exams",
      "question"
    ],
    "object_id": "75",
    "object_repr": "CorelDRAW muxarririda fayllarning kengaytmasi?",
    "action_flag": 1,
    "change_message": "[{\"added\": {}}, {\"added\": {\"name\": \"variant\", \"object\": \".pdd;\"}}, {\"added\": {\"name\": \"variant\", \"object\": \".pdi;\"}}, {\"added\": {\"name\": \"variant\", \"object\": \"cdr;\"}}, {\"added\": {\"name\": \"variant\", \"object\": \".bmp\"}}]"
  }
},
{
  "model": "admin.logentry",
  "pk": 162,
  "fields": {
    "action_time": "2023-04-02T12:08:47.827Z",
    "user": [
      "admin@gmail.com"
    ],
    "content_type": [
      "exams",
      "question"
    ],
    "object_id": "76",
    "object_repr": "RGB ranglar modelida komponetalar sifatida asosan quyidagi ranglar ishlatiladi …",
    "action_flag": 1,
    "change_message": "[{\"added\": {}}, {\"added\": {\"name\": \"variant\", \"object\": \"xavo rang, yashil rang, sariq;\"}}, {\"added\": {\"name\": \"variant\", \"object\": \"qizil, yashil, ko'k;\"}}, {\"added\": {\"name\": \"variant\", \"object\": \"xavo rang, ko'k, sariq;\"}}, {\"added\": {\"name\": \"variant\", \"object\": \"kizil, xavo rang, sariq;\"}}]"
  }
},
{
  "model": "admin.logentry",
  "pk": 163,
  "fields": {
    "action_time": "2023-04-02T12:10:08.611Z",
    "user": [
      "admin@gmail.com"
    ],
    "content_type": [
      "exams",
      "question"
    ],
    "object_id": "77",
    "object_repr": "CorelDRAW dasturida «Asboblar paneli» nima vazifani bajaradi?",
    "action_flag": 1,
    "change_message": "[{\"added\": {}}, {\"added\": {\"name\": \"variant\", \"object\": \"Ob'ektlar yaratadi, va ob'ektlar bilan ishlaydi.\"}}, {\"added\": {\"name\": \"variant\", \"object\": \"Ob'ektlar yaratadi\"}}, {\"added\": {\"name\": \"variant\", \"object\": \"Faqat matn yaratadi\"}}, {\"added\": {\"name\": \"variant\", \"object\": \"To'g'ri javob yo'q\"}}]"
  }
},
{
  "model": "admin.logentry",
  "pk": 164,
  "fields": {
    "action_time": "2023-04-02T12:10:47.396Z",
    "user": [
      "admin@gmail.com"
    ],
    "content_type": [
      "exams",
      "question"
    ],
    "object_id": "78",
    "object_repr": "Ellips ob’yekti uchun xususiyatlar panelida qanday tugmalar paydo bo’ladi ?",
    "action_flag": 1,
    "change_message": "[{\"added\": {}}, {\"added\": {\"name\": \"variant\", \"object\": \"Arc (\\u0414\\u0443\\u0433\\u0430)\"}}, {\"added\": {\"name\": \"variant\", \"object\": \"Ellipse (\\u042d\\u043b\\u043b\\u0438\\u043f\\u0441) Pie(\\u0421\\u0435\\u043a\\u0442\\u043e\\u0440) Arc (\\u0414\\u0443\\u0433\\u0430)\"}}, {\"added\": {\"name\": \"variant\", \"object\": \"Ellipse (\\u042d\\u043b\\u043b\\u0438\\u043f\\u0441)\"}}, {\"added\": {\"name\": \"variant\", \"object\": \"Arc (\\u0414\\u0443\\u0433\\u0430), Ellipse (\\u042d\\u043b\\u043b\\u0438\\u043f\\u0441)\"}}]"
  }
},
{
  "model": "admin.logentry",
  "pk": 165,
  "fields": {
    "action_time": "2023-04-02T12:11:24.041Z",
    "user": [
      "admin@gmail.com"
    ],
    "content_type": [
      "exams",
      "question"
    ],
    "object_id": "79",
    "object_repr": "Standart figuralar chizish asbobini toping",
    "action_flag": 1,
    "change_message": "[{\"added\": {}}, {\"added\": {\"name\": \"variant\", \"object\": \"Graph Paper (\\u0414\\u0438\\u0430\\u0433\\u0440\\u0430\\u043c\\u043c\\u043d\\u0430\\u044f \\u0441\\u0435\\u0442\\u043a\\u0430)\"}}, {\"added\": {\"name\": \"variant\", \"object\": \"Perfect Shapes (\\u0421\\u0442\\u0430\\u043d\\u0434\\u0430\\u0440\\u0442\\u043d\\u044b\\u0435 \\u0444\\u0438\\u0433\\u0443\\u0440\\u044b)\"}}, {\"added\": {\"name\": \"variant\", \"object\": \"Polygon (\\u041c\\u043d\\u043e\\u0433\\u043e\\u0443\\u0433\\u043e\\u043b\\u044c\\u043d\\u0438\\u043a)\"}}, {\"added\": {\"name\": \"variant\", \"object\": \"Ellipse (\\u042d\\u043b\\u043b\\u0438\\u043f\\u0441)\"}}]"
  }
},
{
  "model": "admin.logentry",
  "pk": 166,
  "fields": {
    "action_time": "2023-04-02T12:12:04.783Z",
    "user": [
      "admin@gmail.com"
    ],
    "content_type": [
      "exams",
      "question"
    ],
    "object_id": "80",
    "object_repr": "To’rtburchak burchaklarini aylanaga aylantirish uchun:",
    "action_flag": 1,
    "change_message": "[{\"added\": {}}, {\"added\": {\"name\": \"variant\", \"object\": \"Shape (\\u0424\\u043e\\u0440\\u043c\\u0430) \\u2013asbobi yordamida to\\u2018rtburchak uchidan ushlab tortiladi.\"}}, {\"added\": {\"name\": \"variant\", \"object\": \"Bu amalni bajarib bo\\u2018lmaydi\"}}, {\"added\": {\"name\": \"variant\", \"object\": \"Ellipse (\\u042d\\u043b\\u043b\\u0438\\u043f\\u0441) \\u2013asbobi yordamida to\\u2018rtburchak uchidan ushlab tortiladi.\"}}, {\"added\": {\"name\": \"variant\", \"object\": \"Rectangle (\\u041f\\u0440\\u044f\\u043c\\u043e\\u0443\\u0433\\u043e\\u043b\\u044c\\u043d\\u0438\\u043a) \\u2013asbobi yordamida to\\u2018rtburchak uchidan ushlab tortiladi.\"}}]"
  }
},
{
  "model": "admin.logentry",
  "pk": 167,
  "fields": {
    "action_time": "2023-04-02T12:12:44.111Z",
    "user": [
      "admin@gmail.com"
    ],
    "content_type": [
      "exams",
      "examitem"
    ],
    "object_id": "7",
    "object_repr": "Windows operatsion tizimini o’rnatish - 22/1-guruh",
    "action_flag": 1,
    "change_message": "[{\"added\": {}}]"
  }
},
{
  "model": "admin.logentry",
  "pk": 168,
  "fields": {
    "action_time": "2023-04-02T12:16:10.226Z",
    "user": [
      "admin@gmail.com"
    ],
    "content_type": [
      "exams",
      "examitem"
    ],
    "object_id": "7",
    "object_repr": "Windows operatsion tizimini o’rnatish - 22/1-guruh",
    "action_flag": 2,
    "change_message": "[]"
  }
},
{
  "model": "admin.logentry",
  "pk": 169,
  "fields": {
    "action_time": "2023-04-02T12:16:28.845Z",
    "user": [
      "admin@gmail.com"
    ],
    "content_type": [
      "exams",
      "examitem"
    ],
    "object_id": "8",
    "object_repr": "MATN PROTSESSORLARI. MATN MUHARRIRLARI IMKONIYATLARI BILAN TANISHISH - 22/1-guruh",
    "action_flag": 1,
    "change_message": "[{\"added\": {}}]"
  }
},
{
  "model": "admin.logentry",
  "pk": 170,
  "fields": {
    "action_time": "2023-04-02T12:16:43.121Z",
    "user": [
      "admin@gmail.com"
    ],
    "content_type": [
      "exams",
      "examitem"
    ],
    "object_id": "9",
    "object_repr": "ELEKTRON JADVALLAR BILAN ISHLASH - 22/1-guruh",
    "action_flag": 1,
    "change_message": "[{\"added\": {}}]"
  }
},
{
  "model": "admin.logentry",
  "pk": 171,
  "fields": {
    "action_time": "2023-04-02T12:16:58.685Z",
    "user": [
      "admin@gmail.com"
    ],
    "content_type": [
      "exams",
      "examitem"
    ],
    "object_id": "10",
    "object_repr": "ELEKTRON JADVALLAR BILAN ISHLASH - 22/1-guruh",
    "action_flag": 1,
    "change_message": "[{\"added\": {}}]"
  }
},
{
  "model": "admin.logentry",
  "pk": 172,
  "fields": {
    "action_time": "2023-04-02T12:17:10.565Z",
    "user": [
      "admin@gmail.com"
    ],
    "content_type": [
      "exams",
      "examitem"
    ],
    "object_id": "11",
    "object_repr": "TAQDIMOT MUHARRIRLARI VA ULARNING - 22/1-guruh",
    "action_flag": 1,
    "change_message": "[{\"added\": {}}]"
  }
},
{
  "model": "admin.logentry",
  "pk": 173,
  "fields": {
    "action_time": "2023-04-02T12:17:22.247Z",
    "user": [
      "admin@gmail.com"
    ],
    "content_type": [
      "exams",
      "examitem"
    ],
    "object_id": "12",
    "object_repr": "MS Access dasturining asosiy elementlar paneli va interfeysi - 22/1-guruh",
    "action_flag": 1,
    "change_message": "[{\"added\": {}}]"
  }
},
{
  "model": "admin.logentry",
  "pk": 174,
  "fields": {
    "action_time": "2023-04-02T12:17:36.388Z",
    "user": [
      "admin@gmail.com"
    ],
    "content_type": [
      "exams",
      "examitem"
    ],
    "object_id": "13",
    "object_repr": "Grafik dasturlar bilan ishlash - 22/1-guruh",
    "action_flag": 1,
    "change_message": "[{\"added\": {}}]"
  }
},
{
  "model": "admin.logentry",
  "pk": 175,
  "fields": {
    "action_time": "2023-04-02T12:18:03.128Z",
    "user": [
      "admin@gmail.com"
    ],
    "content_type": [
      "exams",
      "examitem"
    ],
    "object_id": "9",
    "object_repr": "ELEKTRON JADVALLAR BILAN ISHLASH - 22/1-guruh",
    "action_flag": 3,
    "change_message": ""
  }
},
{
  "model": "admin.logentry",
  "pk": 176,
  "fields": {
    "action_time": "2023-04-02T12:22:21.413Z",
    "user": [
      "admin@gmail.com"
    ],
    "content_type": [
      "main",
      "lecture"
    ],
    "object_id": "1",
    "object_repr": "M1. Kompyuterning texnik ta’minoti",
    "action_flag": 2,
    "change_message": "[{\"changed\": {\"name\": \"resource\", \"object\": \"Resource object (6)\", \"fields\": [\"Url\"]}}]"
  }
},
{
  "model": "admin.logentry",
  "pk": 177,
  "fields": {
    "action_time": "2023-04-02T12:23:10.787Z",
    "user": [
      "admin@gmail.com"
    ],
    "content_type": [
      "main",
      "lecture"
    ],
    "object_id": "1",
    "object_repr": "M1. Kompyuterning texnik ta’minoti",
    "action_flag": 2,
    "change_message": "[]"
  }
},
{
  "model": "admin.logentry",
  "pk": 178,
  "fields": {
    "action_time": "2023-04-02T12:23:48.497Z",
    "user": [
      "admin@gmail.com"
    ],
    "content_type": [
      "main",
      "lecture"
    ],
    "object_id": "1",
    "object_repr": "M1. Kompyuterning texnik ta’minoti",
    "action_flag": 2,
    "change_message": "[]"
  }
},
{
  "model": "admin.logentry",
  "pk": 179,
  "fields": {
    "action_time": "2023-04-02T12:32:19.134Z",
    "user": [
      "admin@gmail.com"
    ],
    "content_type": [
      "main",
      "lecture"
    ],
    "object_id": "1",
    "object_repr": "M1. Kompyuterning texnik ta’minoti",
    "action_flag": 2,
    "change_message": "[]"
  }
},
{
  "model": "admin.logentry",
  "pk": 180,
  "fields": {
    "action_time": "2023-04-02T12:45:57.343Z",
    "user": [
      "admin@gmail.com"
    ],
    "content_type": [
      "main",
      "lecture"
    ],
    "object_id": "2",
    "object_repr": "Operatsion tizimlar. Windows operatsion tizimi bilan ishlash",
    "action_flag": 2,
    "change_message": "[{\"changed\": {\"fields\": [\"Title\", \"Text\"]}}, {\"added\": {\"name\": \"resource\", \"object\": \"Resource object (9)\"}}, {\"added\": {\"name\": \"resource\", \"object\": \"Resource object (10)\"}}, {\"changed\": {\"name\": \"resource\", \"object\": \"Resource object (3)\", \"fields\": [\"Title\", \"Url\"]}}, {\"changed\": {\"name\": \"resource\", \"object\": \"Resource object (4)\", \"fields\": [\"Title\", \"Url\", \"Image\"]}}]"
  }
},
{
  "model": "admin.logentry",
  "pk": 181,
  "fields": {
    "action_time": "2023-04-02T12:46:37.610Z",
    "user": [
      "admin@gmail.com"
    ],
    "content_type": [
      "main",
      "lecture"
    ],
    "object_id": "2",
    "object_repr": "Operatsion tizimlar. Windows operatsion tizimi bilan ishlash",
    "action_flag": 2,
    "change_message": "[{\"changed\": {\"fields\": [\"Youtube\"]}}]"
  }
},
{
  "model": "admin.logentry",
  "pk": 182,
  "fields": {
    "action_time": "2023-04-02T13:04:05.556Z",
    "user": [
      "admin@gmail.com"
    ],
    "content_type": [
      "main",
      "lecture"
    ],
    "object_id": "2",
    "object_repr": "Operatsion tizimlar. Windows operatsion tizimi bilan ishlash",
    "action_flag": 2,
    "change_message": "[{\"changed\": {\"name\": \"resource\", \"object\": \"Resource object (3)\", \"fields\": [\"Image\"]}}, {\"changed\": {\"name\": \"resource\", \"object\": \"Resource object (9)\", \"fields\": [\"Url\"]}}]"
  }
},
{
  "model": "admin.logentry",
  "pk": 183,
  "fields": {
    "action_time": "2023-04-02T13:04:40.478Z",
    "user": [
      "admin@gmail.com"
    ],
    "content_type": [
      "main",
      "lecture"
    ],
    "object_id": "2",
    "object_repr": "Operatsion tizimlar. Windows operatsion tizimi bilan ishlash",
    "action_flag": 2,
    "change_message": "[{\"changed\": {\"name\": \"resource\", \"object\": \"Resource object (9)\", \"fields\": [\"Url\"]}}]"
  }
},
{
  "model": "admin.logentry",
  "pk": 184,
  "fields": {
    "action_time": "2023-04-02T13:05:03.427Z",
    "user": [
      "admin@gmail.com"
    ],
    "content_type": [
      "main",
      "lecture"
    ],
    "object_id": "2",
    "object_repr": "Operatsion tizimlar. Windows operatsion tizimi bilan ishlash",
    "action_flag": 2,
    "change_message": "[]"
  }
},
{
  "model": "admin.logentry",
  "pk": 185,
  "fields": {
    "action_time": "2023-04-02T13:05:51.774Z",
    "user": [
      "admin@gmail.com"
    ],
    "content_type": [
      "main",
      "lecture"
    ],
    "object_id": "2",
    "object_repr": "Operatsion tizimlar. Windows operatsion tizimi bilan ishlash",
    "action_flag": 2,
    "change_message": "[]"
  }
},
{
  "model": "admin.logentry",
  "pk": 186,
  "fields": {
    "action_time": "2023-04-02T13:14:56.701Z",
    "user": [
      "admin@gmail.com"
    ],
    "content_type": [
      "main",
      "lecture"
    ],
    "object_id": "6",
    "object_repr": "Practice Example",
    "action_flag": 3,
    "change_message": ""
  }
},
{
  "model": "admin.logentry",
  "pk": 187,
  "fields": {
    "action_time": "2023-04-02T13:14:56.704Z",
    "user": [
      "admin@gmail.com"
    ],
    "content_type": [
      "main",
      "lecture"
    ],
    "object_id": "3",
    "object_repr": "M3. Office dasturida ishlash",
    "action_flag": 3,
    "change_message": ""
  }
},
{
  "model": "admin.logentry",
  "pk": 188,
  "fields": {
    "action_time": "2023-04-02T13:15:09.144Z",
    "user": [
      "admin@gmail.com"
    ],
    "content_type": [
      "main",
      "lecture"
    ],
    "object_id": "2",
    "object_repr": "M2. Operatsion tizimlar. Windows operatsion tizimi bilan ishlash",
    "action_flag": 2,
    "change_message": "[{\"changed\": {\"fields\": [\"Title\"]}}]"
  }
},
{
  "model": "admin.logentry",
  "pk": 189,
  "fields": {
    "action_time": "2023-04-02T13:15:36.197Z",
    "user": [
      "admin@gmail.com"
    ],
    "content_type": [
      "main",
      "lecture"
    ],
    "object_id": "7",
    "object_repr": "MATN PROTSESSORLARI. MATN MUHARRIRLARI IMKONIYATLARI BILAN TANISHISH",
    "action_flag": 1,
    "change_message": "[{\"added\": {}}, {\"added\": {\"name\": \"control question\", \"object\": \"ControlQuestion object (10)\"}}]"
  }
},
{
  "model": "admin.logentry",
  "pk": 190,
  "fields": {
    "action_time": "2023-04-02T13:16:05.012Z",
    "user": [
      "admin@gmail.com"
    ],
    "content_type": [
      "main",
      "lecture"
    ],
    "object_id": "7",
    "object_repr": "MATN PROTSESSORLARI. MATN MUHARRIRLARI IMKONIYATLARI BILAN TANISHISH",
    "action_flag": 2,
    "change_message": "[{\"added\": {\"name\": \"resource\", \"object\": \"Resource object (11)\"}}]"
  }
},
{
  "model": "admin.logentry",
  "pk": 191,
  "fields": {
    "action_time": "2023-04-02T13:17:18.791Z",
    "user": [
      "admin@gmail.com"
    ],
    "content_type": [
      "main",
      "lecture"
    ],
    "object_id": "7",
    "object_repr": "MATN PROTSESSORLARI. MATN MUHARRIRLARI IMKONIYATLARI BILAN TANISHISH",
    "action_flag": 2,
    "change_message": "[{\"added\": {\"name\": \"resource\", \"object\": \"Resource object (12)\"}}, {\"added\": {\"name\": \"resource\", \"object\": \"Resource object (13)\"}}]"
  }
},
{
  "model": "admin.logentry",
  "pk": 192,
  "fields": {
    "action_time": "2023-04-02T13:18:12.860Z",
    "user": [
      "admin@gmail.com"
    ],
    "content_type": [
      "main",
      "lecture"
    ],
    "object_id": "7",
    "object_repr": "MATN PROTSESSORLARI. MATN MUHARRIRLARI IMKONIYATLARI BILAN TANISHISH",
    "action_flag": 2,
    "change_message": "[{\"added\": {\"name\": \"resource\", \"object\": \"Resource object (14)\"}}]"
  }
},
{
  "model": "admin.logentry",
  "pk": 193,
  "fields": {
    "action_time": "2023-04-02T13:19:22.209Z",
    "user": [
      "admin@gmail.com"
    ],
    "content_type": [
      "main",
      "lecture"
    ],
    "object_id": "7",
    "object_repr": "MATN PROTSESSORLARI. MATN MUHARRIRLARI IMKONIYATLARI BILAN TANISHISH",
    "action_flag": 2,
    "change_message": "[{\"changed\": {\"name\": \"resource\", \"object\": \"Resource object (13)\", \"fields\": [\"Url\"]}}]"
  }
},
{
  "model": "admin.logentry",
  "pk": 194,
  "fields": {
    "action_time": "2023-04-02T13:20:26.834Z",
    "user": [
      "admin@gmail.com"
    ],
    "content_type": [
      "main",
      "lecture"
    ],
    "object_id": "7",
    "object_repr": "Matn protsessorlari. Matn muharrirlari imkoniyatlari bilan tanishish",
    "action_flag": 2,
    "change_message": "[{\"changed\": {\"fields\": [\"Title\"]}}]"
  }
},
{
  "model": "admin.logentry",
  "pk": 195,
  "fields": {
    "action_time": "2023-04-02T13:25:17.172Z",
    "user": [
      "admin@gmail.com"
    ],
    "content_type": [
      "main",
      "lecture"
    ],
    "object_id": "7",
    "object_repr": "Matn protsessorlari. Matn muharrirlari imkoniyatlari bilan tanishish",
    "action_flag": 2,
    "change_message": "[]"
  }
},
{
  "model": "admin.logentry",
  "pk": 196,
  "fields": {
    "action_time": "2023-04-02T13:26:03.983Z",
    "user": [
      "admin@gmail.com"
    ],
    "content_type": [
      "main",
      "lecture"
    ],
    "object_id": "7",
    "object_repr": "Matn protsessorlari. Matn muharrirlari imkoniyatlari bilan tanishish",
    "action_flag": 2,
    "change_message": "[{\"changed\": {\"name\": \"resource\", \"object\": \"Resource object (11)\", \"fields\": [\"Image\"]}}]"
  }
},
{
  "model": "admin.logentry",
  "pk": 197,
  "fields": {
    "action_time": "2023-04-02T13:26:33.838Z",
    "user": [
      "admin@gmail.com"
    ],
    "content_type": [
      "main",
      "lecture"
    ],
    "object_id": "7",
    "object_repr": "Matn protsessorlari. Matn muharrirlari imkoniyatlari bilan tanishish",
    "action_flag": 2,
    "change_message": "[]"
  }
},
{
  "model": "admin.logentry",
  "pk": 198,
  "fields": {
    "action_time": "2023-04-02T13:27:04.022Z",
    "user": [
      "admin@gmail.com"
    ],
    "content_type": [
      "main",
      "lecture"
    ],
    "object_id": "8",
    "object_repr": "Elektron jadvallar bilan ishlash",
    "action_flag": 1,
    "change_message": "[{\"added\": {}}, {\"added\": {\"name\": \"control question\", \"object\": \"ControlQuestion object (11)\"}}]"
  }
},
{
  "model": "admin.logentry",
  "pk": 199,
  "fields": {
    "action_time": "2023-04-02T13:31:36.072Z",
    "user": [
      "admin@gmail.com"
    ],
    "content_type": [
      "main",
      "lecture"
    ],
    "object_id": "8",
    "object_repr": "Elektron jadvallar bilan ishlash",
    "action_flag": 2,
    "change_message": "[]"
  }
},
{
  "model": "admin.logentry",
  "pk": 200,
  "fields": {
    "action_time": "2023-04-02T13:33:21.500Z",
    "user": [
      "admin@gmail.com"
    ],
    "content_type": [
      "main",
      "lecture"
    ],
    "object_id": "9",
    "object_repr": "Elektron jadvallar bilan ishlash",
    "action_flag": 1,
    "change_message": "[{\"added\": {}}, {\"added\": {\"name\": \"control question\", \"object\": \"ControlQuestion object (12)\"}}]"
  }
},
{
  "model": "admin.logentry",
  "pk": 201,
  "fields": {
    "action_time": "2023-04-02T13:33:53.690Z",
    "user": [
      "admin@gmail.com"
    ],
    "content_type": [
      "main",
      "lecture"
    ],
    "object_id": "8",
    "object_repr": "Elektron jadvallar bilan ishlash",
    "action_flag": 2,
    "change_message": "[{\"added\": {\"name\": \"resource\", \"object\": \"Resource object (15)\"}}]"
  }
},
{
  "model": "admin.logentry",
  "pk": 202,
  "fields": {
    "action_time": "2023-04-02T13:34:22.167Z",
    "user": [
      "admin@gmail.com"
    ],
    "content_type": [
      "main",
      "lecture"
    ],
    "object_id": "8",
    "object_repr": "Elektron jadvallar bilan ishlash",
    "action_flag": 2,
    "change_message": "[{\"changed\": {\"name\": \"resource\", \"object\": \"Resource object (15)\", \"fields\": [\"Url\"]}}]"
  }
},
{
  "model": "admin.logentry",
  "pk": 203,
  "fields": {
    "action_time": "2023-04-02T13:35:19.641Z",
    "user": [
      "admin@gmail.com"
    ],
    "content_type": [
      "main",
      "lecture"
    ],
    "object_id": "8",
    "object_repr": "M4. Elektron jadvallar bilan ishlash",
    "action_flag": 2,
    "change_message": "[{\"changed\": {\"fields\": [\"Title\"]}}, {\"added\": {\"name\": \"resource\", \"object\": \"Resource object (16)\"}}, {\"added\": {\"name\": \"resource\", \"object\": \"Resource object (17)\"}}]"
  }
},
{
  "model": "admin.logentry",
  "pk": 204,
  "fields": {
    "action_time": "2023-04-02T13:36:51.599Z",
    "user": [
      "admin@gmail.com"
    ],
    "content_type": [
      "main",
      "lecture"
    ],
    "object_id": "8",
    "object_repr": "M4. Elektron jadvallar bilan ishlash",
    "action_flag": 2,
    "change_message": "[{\"added\": {\"name\": \"resource\", \"object\": \"Resource object (18)\"}}]"
  }
},
{
  "model": "admin.logentry",
  "pk": 205,
  "fields": {
    "action_time": "2023-04-02T13:37:10.071Z",
    "user": [
      "admin@gmail.com"
    ],
    "content_type": [
      "main",
      "lecture"
    ],
    "object_id": "8",
    "object_repr": "M4. Elektron jadvallar bilan ishlash",
    "action_flag": 2,
    "change_message": "[{\"changed\": {\"name\": \"resource\", \"object\": \"Resource object (15)\", \"fields\": [\"Image\"]}}]"
  }
},
{
  "model": "admin.logentry",
  "pk": 206,
  "fields": {
    "action_time": "2023-04-02T13:39:46.603Z",
    "user": [
      "admin@gmail.com"
    ],
    "content_type": [
      "main",
      "lecture"
    ],
    "object_id": "9",
    "object_repr": "M5. Taqdimot muharrirlari va ularning imkoniyatlari",
    "action_flag": 2,
    "change_message": "[{\"changed\": {\"fields\": [\"Title\", \"Text\"]}}, {\"changed\": {\"name\": \"control question\", \"object\": \"ControlQuestion object (12)\", \"fields\": [\"Nazorat savoli\"]}}, {\"added\": {\"name\": \"resource\", \"object\": \"Resource object (19)\"}}]"
  }
},
{
  "model": "admin.logentry",
  "pk": 207,
  "fields": {
    "action_time": "2023-04-02T13:41:20.713Z",
    "user": [
      "admin@gmail.com"
    ],
    "content_type": [
      "main",
      "lecture"
    ],
    "object_id": "9",
    "object_repr": "M5. Taqdimot muharrirlari va ularning imkoniyatlari",
    "action_flag": 2,
    "change_message": "[{\"added\": {\"name\": \"resource\", \"object\": \"Resource object (20)\"}}, {\"added\": {\"name\": \"resource\", \"object\": \"Resource object (21)\"}}, {\"added\": {\"name\": \"resource\", \"object\": \"Resource object (22)\"}}]"
  }
},
{
  "model": "admin.logentry",
  "pk": 208,
  "fields": {
    "action_time": "2023-04-02T13:41:47.673Z",
    "user": [
      "admin@gmail.com"
    ],
    "content_type": [
      "main",
      "lecture"
    ],
    "object_id": "7",
    "object_repr": "M3. Matn protsessorlari. Matn muharrirlari imkoniyatlari bilan tanishish",
    "action_flag": 2,
    "change_message": "[{\"changed\": {\"fields\": [\"Title\"]}}]"
  }
},
{
  "model": "admin.logentry",
  "pk": 209,
  "fields": {
    "action_time": "2023-04-02T13:44:11.966Z",
    "user": [
      "admin@gmail.com"
    ],
    "content_type": [
      "main",
      "lecture"
    ],
    "object_id": "10",
    "object_repr": "M6. Ma’lumotlar bazasi tushunchasi. MS Access dasturining imkoniyatlari",
    "action_flag": 1,
    "change_message": "[{\"added\": {}}, {\"added\": {\"name\": \"control question\", \"object\": \"ControlQuestion object (13)\"}}, {\"added\": {\"name\": \"resource\", \"object\": \"Resource object (23)\"}}]"
  }
},
{
  "model": "admin.logentry",
  "pk": 210,
  "fields": {
    "action_time": "2023-04-02T13:45:43.937Z",
    "user": [
      "admin@gmail.com"
    ],
    "content_type": [
      "main",
      "lecture"
    ],
    "object_id": "10",
    "object_repr": "M6. Ma’lumotlar bazasi tushunchasi. MS Access dasturining imkoniyatlari",
    "action_flag": 2,
    "change_message": "[{\"added\": {\"name\": \"resource\", \"object\": \"Resource object (24)\"}}, {\"added\": {\"name\": \"resource\", \"object\": \"Resource object (25)\"}}, {\"added\": {\"name\": \"resource\", \"object\": \"Resource object (26)\"}}]"
  }
},
{
  "model": "admin.logentry",
  "pk": 211,
  "fields": {
    "action_time": "2023-04-02T13:48:25.165Z",
    "user": [
      "admin@gmail.com"
    ],
    "content_type": [
      "main",
      "lecture"
    ],
    "object_id": "11",
    "object_repr": "M7. Grafik dasturlar paketi",
    "action_flag": 1,
    "change_message": "[{\"added\": {}}, {\"added\": {\"name\": \"control question\", \"object\": \"ControlQuestion object (14)\"}}, {\"added\": {\"name\": \"resource\", \"object\": \"Resource object (27)\"}}]"
  }
},
{
  "model": "admin.logentry",
  "pk": 212,
  "fields": {
    "action_time": "2023-04-02T13:49:45.773Z",
    "user": [
      "admin@gmail.com"
    ],
    "content_type": [
      "main",
      "lecture"
    ],
    "object_id": "11",
    "object_repr": "M7. Grafik dasturlar paketi",
    "action_flag": 2,
    "change_message": "[{\"added\": {\"name\": \"resource\", \"object\": \"Resource object (28)\"}}, {\"added\": {\"name\": \"resource\", \"object\": \"Resource object (29)\"}}, {\"added\": {\"name\": \"resource\", \"object\": \"Resource object (30)\"}}]"
  }
},
{
  "model": "admin.logentry",
  "pk": 213,
  "fields": {
    "action_time": "2023-04-02T13:50:53.437Z",
    "user": [
      "admin@gmail.com"
    ],
    "content_type": [
      "main",
      "lecture"
    ],
    "object_id": "1",
    "object_repr": "1-Maruza. Kompyuterning texnik ta’minoti",
    "action_flag": 2,
    "change_message": "[{\"changed\": {\"fields\": [\"Title\"]}}]"
  }
},
{
  "model": "admin.logentry",
  "pk": 214,
  "fields": {
    "action_time": "2023-04-02T13:51:04.377Z",
    "user": [
      "admin@gmail.com"
    ],
    "content_type": [
      "main",
      "lecture"
    ],
    "object_id": "2",
    "object_repr": "2-Ma'ruza. Operatsion tizimlar. Windows operatsion tizimi bilan ishlash",
    "action_flag": 2,
    "change_message": "[{\"changed\": {\"fields\": [\"Title\"]}}]"
  }
},
{
  "model": "admin.logentry",
  "pk": 215,
  "fields": {
    "action_time": "2023-04-02T13:51:15.980Z",
    "user": [
      "admin@gmail.com"
    ],
    "content_type": [
      "main",
      "lecture"
    ],
    "object_id": "7",
    "object_repr": "3-Ma'ruza. Matn protsessorlari. Matn muharrirlari imkoniyatlari bilan tanishish",
    "action_flag": 2,
    "change_message": "[{\"changed\": {\"fields\": [\"Title\"]}}]"
  }
},
{
  "model": "admin.logentry",
  "pk": 216,
  "fields": {
    "action_time": "2023-04-02T13:51:27.262Z",
    "user": [
      "admin@gmail.com"
    ],
    "content_type": [
      "main",
      "lecture"
    ],
    "object_id": "8",
    "object_repr": "4-Ma'ruza. Elektron jadvallar bilan ishlash",
    "action_flag": 2,
    "change_message": "[{\"changed\": {\"fields\": [\"Title\"]}}]"
  }
},
{
  "model": "admin.logentry",
  "pk": 217,
  "fields": {
    "action_time": "2023-04-02T13:51:37.582Z",
    "user": [
      "admin@gmail.com"
    ],
    "content_type": [
      "main",
      "lecture"
    ],
    "object_id": "9",
    "object_repr": "5-Ma'ruza. Taqdimot muharrirlari va ularning imkoniyatlari",
    "action_flag": 2,
    "change_message": "[{\"changed\": {\"fields\": [\"Title\"]}}]"
  }
},
{
  "model": "admin.logentry",
  "pk": 218,
  "fields": {
    "action_time": "2023-04-02T13:51:49.029Z",
    "user": [
      "admin@gmail.com"
    ],
    "content_type": [
      "main",
      "lecture"
    ],
    "object_id": "10",
    "object_repr": "6-Ma'ruza. Ma’lumotlar bazasi tushunchasi. MS Access dasturining imkoniyatlari",
    "action_flag": 2,
    "change_message": "[{\"changed\": {\"fields\": [\"Title\"]}}]"
  }
},
{
  "model": "admin.logentry",
  "pk": 219,
  "fields": {
    "action_time": "2023-04-02T13:51:58.881Z",
    "user": [
      "admin@gmail.com"
    ],
    "content_type": [
      "main",
      "lecture"
    ],
    "object_id": "11",
    "object_repr": "7-Ma'ruza. Grafik dasturlar paketi",
    "action_flag": 2,
    "change_message": "[{\"changed\": {\"fields\": [\"Title\"]}}]"
  }
},
{
  "model": "admin.logentry",
  "pk": 220,
  "fields": {
    "action_time": "2023-04-02T16:15:27.356Z",
    "user": [
      "admin@gmail.com"
    ],
    "content_type": [
      "main",
      "lecture"
    ],
    "object_id": "12",
    "object_repr": "Shaxsiy kompyuter qurilmalari bilan ishlash",
    "action_flag": 1,
    "change_message": "[{\"added\": {}}, {\"added\": {\"name\": \"resource\", \"object\": \"Resource object (31)\"}}, {\"added\": {\"name\": \"resource\", \"object\": \"Resource object (32)\"}}, {\"added\": {\"name\": \"resource\", \"object\": \"Resource object (33)\"}}, {\"added\": {\"name\": \"resource\", \"object\": \"Resource object (34)\"}}]"
  }
},
{
  "model": "admin.logentry",
  "pk": 221,
  "fields": {
    "action_time": "2023-04-02T16:33:54.796Z",
    "user": [
      "admin@gmail.com"
    ],
    "content_type": [
      "main",
      "lecture"
    ],
    "object_id": "13",
    "object_repr": "2-Amaliy mashg'ulot. Windows operatsion tizimini o’rnatish",
    "action_flag": 1,
    "change_message": "[{\"added\": {}}, {\"added\": {\"name\": \"resource\", \"object\": \"Resource object (35)\"}}, {\"added\": {\"name\": \"resource\", \"object\": \"Resource object (36)\"}}, {\"added\": {\"name\": \"resource\", \"object\": \"Resource object (37)\"}}, {\"added\": {\"name\": \"resource\", \"object\": \"Resource object (38)\"}}]"
  }
},
{
  "model": "admin.logentry",
  "pk": 222,
  "fields": {
    "action_time": "2023-04-02T16:34:31.587Z",
    "user": [
      "admin@gmail.com"
    ],
    "content_type": [
      "main",
      "lecture"
    ],
    "object_id": "12",
    "object_repr": "1-Amaliy mashg'ulot. Shaxsiy kompyuter qurilmalari bilan ishlash",
    "action_flag": 2,
    "change_message": "[{\"changed\": {\"fields\": [\"Title\", \"Text\"]}}]"
  }
},
{
  "model": "admin.logentry",
  "pk": 223,
  "fields": {
    "action_time": "2023-04-02T16:45:11.940Z",
    "user": [
      "admin@gmail.com"
    ],
    "content_type": [
      "main",
      "lecture"
    ],
    "object_id": "14",
    "object_repr": "Word matn muharriri imkoniyatlari bilan tanishish",
    "action_flag": 1,
    "change_message": "[{\"added\": {}}, {\"added\": {\"name\": \"resource\", \"object\": \"Resource object (39)\"}}, {\"added\": {\"name\": \"resource\", \"object\": \"Resource object (40)\"}}, {\"added\": {\"name\": \"resource\", \"object\": \"Resource object (41)\"}}, {\"added\": {\"name\": \"resource\", \"object\": \"Resource object (42)\"}}]"
  }
},
{
  "model": "admin.logentry",
  "pk": 224,
  "fields": {
    "action_time": "2023-04-02T16:53:12.551Z",
    "user": [
      "admin@gmail.com"
    ],
    "content_type": [
      "main",
      "lecture"
    ],
    "object_id": "15",
    "object_repr": "Excel elektron jadvallar bilan ishlash4-Amaliy mashg'ulot. Excel dasturida diogrammalar va funksiyalar",
    "action_flag": 1,
    "change_message": "[{\"added\": {}}, {\"added\": {\"name\": \"resource\", \"object\": \"Resource object (43)\"}}, {\"added\": {\"name\": \"resource\", \"object\": \"Resource object (44)\"}}, {\"added\": {\"name\": \"resource\", \"object\": \"Resource object (45)\"}}, {\"added\": {\"name\": \"resource\", \"object\": \"Resource object (46)\"}}]"
  }
},
{
  "model": "admin.logentry",
  "pk": 225,
  "fields": {
    "action_time": "2023-04-02T16:54:02.409Z",
    "user": [
      "admin@gmail.com"
    ],
    "content_type": [
      "main",
      "lecture"
    ],
    "object_id": "15",
    "object_repr": "4-Amaliy mashg'ulot. Excel elektron jadvallar bilan ishlash. Excel dasturida diogrammalar va funksiyalar",
    "action_flag": 2,
    "change_message": "[{\"changed\": {\"fields\": [\"Title\"]}}]"
  }
},
{
  "model": "admin.logentry",
  "pk": 226,
  "fields": {
    "action_time": "2023-04-02T16:54:16.727Z",
    "user": [
      "admin@gmail.com"
    ],
    "content_type": [
      "main",
      "lecture"
    ],
    "object_id": "14",
    "object_repr": "3-Amaliy mashg'ulot. Word matn muharriri imkoniyatlari bilan tanishish",
    "action_flag": 2,
    "change_message": "[{\"changed\": {\"fields\": [\"Title\"]}}]"
  }
},
{
  "model": "admin.logentry",
  "pk": 227,
  "fields": {
    "action_time": "2023-04-02T16:58:45.103Z",
    "user": [
      "admin@gmail.com"
    ],
    "content_type": [
      "main",
      "lecture"
    ],
    "object_id": "16",
    "object_repr": "5-Amaliy mashg'ulot. Power Point taqdimot muharririda ishlash",
    "action_flag": 1,
    "change_message": "[{\"added\": {}}, {\"added\": {\"name\": \"resource\", \"object\": \"Resource object (47)\"}}, {\"added\": {\"name\": \"resource\", \"object\": \"Resource object (48)\"}}, {\"added\": {\"name\": \"resource\", \"object\": \"Resource object (49)\"}}, {\"added\": {\"name\": \"resource\", \"object\": \"Resource object (50)\"}}]"
  }
},
{
  "model": "admin.logentry",
  "pk": 228,
  "fields": {
    "action_time": "2023-04-02T17:02:35.561Z",
    "user": [
      "admin@gmail.com"
    ],
    "content_type": [
      "main",
      "lecture"
    ],
    "object_id": "17",
    "object_repr": "6-Amaliy mashg'ulot. MS Access dasturining asosiy elementlar paneli va interfeysi",
    "action_flag": 1,
    "change_message": "[{\"added\": {}}, {\"added\": {\"name\": \"resource\", \"object\": \"Resource object (51)\"}}, {\"added\": {\"name\": \"resource\", \"object\": \"Resource object (52)\"}}, {\"added\": {\"name\": \"resource\", \"object\": \"Resource object (53)\"}}, {\"added\": {\"name\": \"resource\", \"object\": \"Resource object (54)\"}}]"
  }
},
{
  "model": "admin.logentry",
  "pk": 229,
  "fields": {
    "action_time": "2023-04-02T17:13:41.164Z",
    "user": [
      "admin@gmail.com"
    ],
    "content_type": [
      "main",
      "lecture"
    ],
    "object_id": "18",
    "object_repr": "7-Amaliy mashg'ulot. Grafik dasturlar bilan ishlash",
    "action_flag": 1,
    "change_message": "[{\"added\": {}}, {\"added\": {\"name\": \"resource\", \"object\": \"Resource object (55)\"}}, {\"added\": {\"name\": \"resource\", \"object\": \"Resource object (56)\"}}, {\"added\": {\"name\": \"resource\", \"object\": \"Resource object (57)\"}}, {\"added\": {\"name\": \"resource\", \"object\": \"Resource object (58)\"}}]"
  }
},
{
  "model": "admin.logentry",
  "pk": 230,
  "fields": {
    "action_time": "2023-04-02T17:21:37.492Z",
    "user": [
      "admin@gmail.com"
    ],
    "content_type": [
      "main",
      "lecture"
    ],
    "object_id": "1",
    "object_repr": "1-Maruza. Kompyuterning texnik ta’minoti",
    "action_flag": 2,
    "change_message": "[{\"added\": {\"name\": \"resource\", \"object\": \"Resource object (59)\"}}]"
  }
},
{
  "model": "admin.logentry",
  "pk": 231,
  "fields": {
    "action_time": "2023-04-02T17:27:47.508Z",
    "user": [
      "admin@gmail.com"
    ],
    "content_type": [
      "main",
      "lecture"
    ],
    "object_id": "1",
    "object_repr": "1-Maruza. Kompyuterning texnik ta’minoti",
    "action_flag": 2,
    "change_message": "[{\"changed\": {\"fields\": [\"Text\"]}}]"
  }
},
{
  "model": "admin.logentry",
  "pk": 232,
  "fields": {
    "action_time": "2023-04-02T17:46:42.711Z",
    "user": [
      "m@gmail.com"
    ],
    "content_type": [
      "main",
      "lecture"
    ],
    "object_id": "1",
    "object_repr": "1-Maruza. Kompyuterning texnik ta’minoti",
    "action_flag": 2,
    "change_message": "[]"
  }
},
{
  "model": "admin.logentry",
  "pk": 233,
  "fields": {
    "action_time": "2023-04-02T17:49:09.340Z",
    "user": [
      "m@gmail.com"
    ],
    "content_type": [
      "main",
      "lecture"
    ],
    "object_id": "1",
    "object_repr": "1-Maruza. Kompyuterning texnik ta’minoti",
    "action_flag": 2,
    "change_message": "[{\"changed\": {\"name\": \"resource\", \"object\": \"Resource object (1)\", \"fields\": [\"Title\"]}}]"
  }
},
{
  "model": "admin.logentry",
  "pk": 234,
  "fields": {
    "action_time": "2023-04-02T17:49:50.550Z",
    "user": [
      "m@gmail.com"
    ],
    "content_type": [
      "main",
      "lecture"
    ],
    "object_id": "1",
    "object_repr": "1-Maruza. Kompyuterning texnik ta’minoti",
    "action_flag": 2,
    "change_message": "[{\"changed\": {\"name\": \"resource\", \"object\": \"Resource object (1)\", \"fields\": [\"Title\"]}}]"
  }
},
{
  "model": "admin.logentry",
  "pk": 235,
  "fields": {
    "action_time": "2023-04-02T17:50:10.713Z",
    "user": [
      "m@gmail.com"
    ],
    "content_type": [
      "main",
      "lecture"
    ],
    "object_id": "1",
    "object_repr": "1-Maruza. Kompyuterning texnik ta’minoti",
    "action_flag": 2,
    "change_message": "[{\"changed\": {\"name\": \"resource\", \"object\": \"Resource object (1)\", \"fields\": [\"Title\"]}}]"
  }
},
{
  "model": "admin.logentry",
  "pk": 236,
  "fields": {
    "action_time": "2023-04-04T09:11:36.807Z",
    "user": [
      "m@gmail.com"
    ],
    "content_type": [
      "main",
      "lecture"
    ],
    "object_id": "19",
    "object_repr": "test",
    "action_flag": 1,
    "change_message": "[{\"added\": {}}]"
  }
},
{
  "model": "admin.logentry",
  "pk": 237,
  "fields": {
    "action_time": "2023-04-04T09:14:44.651Z",
    "user": [
      "m@gmail.com"
    ],
    "content_type": [
      "main",
      "lecture"
    ],
    "object_id": "19",
    "object_repr": "test",
    "action_flag": 2,
    "change_message": "[{\"changed\": {\"fields\": [\"Text\"]}}]"
  }
},
{
  "model": "admin.logentry",
  "pk": 238,
  "fields": {
    "action_time": "2023-04-04T09:17:49.543Z",
    "user": [
      "m@gmail.com"
    ],
    "content_type": [
      "main",
      "lecture"
    ],
    "object_id": "19",
    "object_repr": "test",
    "action_flag": 3,
    "change_message": ""
  }
},
{
  "model": "admin.logentry",
  "pk": 239,
  "fields": {
    "action_time": "2023-04-04T09:21:17.890Z",
    "user": [
      "m@gmail.com"
    ],
    "content_type": [
      "accounts",
      "customuser"
    ],
    "object_id": "5",
    "object_repr": "Y@gmail.com",
    "action_flag": 2,
    "change_message": "[{\"changed\": {\"fields\": [\"Group\"]}}]"
  }
},
{
  "model": "admin.logentry",
  "pk": 240,
  "fields": {
    "action_time": "2023-04-04T09:42:40.369Z",
    "user": [
      "m@gmail.com"
    ],
    "content_type": [
      "exams",
      "question"
    ],
    "object_id": "81",
    "object_repr": "1. По каким признакам можно определить наличие электротравмы у человека? Выберите правильные ответы. 1. Кровотечение. 2. Рефлекторное сокращение мышц. 3. Ушиб мягких тканей. 4. Судороги с потерей созн",
    "action_flag": 1,
    "change_message": "[{\"added\": {}}, {\"added\": {\"name\": \"variant\", \"object\": \"1\"}}, {\"added\": {\"name\": \"variant\", \"object\": \"2\"}}, {\"added\": {\"name\": \"variant\", \"object\": \"3\"}}]"
  }
},
{
  "model": "admin.logentry",
  "pk": 241,
  "fields": {
    "action_time": "2023-04-04T09:44:11.912Z",
    "user": [
      "m@gmail.com"
    ],
    "content_type": [
      "exams",
      "question"
    ],
    "object_id": "81",
    "object_repr": "1. По каким признакам можно определить наличие электротравмы у человека? Выберите правильные ответы. 1. Кровотечение. 2. Рефлекторное сокращение мышц. 3. Ушиб мягких тканей. 4. Судороги с потерей созн",
    "action_flag": 3,
    "change_message": ""
  }
},
{
  "model": "admin.logentry",
  "pk": 242,
  "fields": {
    "action_time": "2023-04-04T11:19:35.473Z",
    "user": [
      "admin@gmail.com"
    ],
    "content_type": [
      "exams",
      "examitem"
    ],
    "object_id": "11",
    "object_repr": "TAQDIMOT MUHARRIRLARI VA ULARNING - 22/1-guruh",
    "action_flag": 2,
    "change_message": "[]"
  }
},
{
  "model": "admin.logentry",
  "pk": 243,
  "fields": {
    "action_time": "2023-04-04T11:19:48.088Z",
    "user": [
      "admin@gmail.com"
    ],
    "content_type": [
      "exams",
      "examitem"
    ],
    "object_id": "11",
    "object_repr": "TAQDIMOT MUHARRIRLARI VA ULARNING - 22/1-guruh",
    "action_flag": 2,
    "change_message": "[{\"changed\": {\"fields\": [\"Start date\"]}}]"
  }
},
{
  "model": "admin.logentry",
  "pk": 244,
  "fields": {
    "action_time": "2023-04-04T11:20:22.232Z",
    "user": [
      "admin@gmail.com"
    ],
    "content_type": [
      "exams",
      "examitem"
    ],
    "object_id": "13",
    "object_repr": "Grafik dasturlar bilan ishlash - 22/1-guruh",
    "action_flag": 2,
    "change_message": "[{\"changed\": {\"fields\": [\"Start date\", \"End date\"]}}]"
  }
},
{
  "model": "admin.logentry",
  "pk": 245,
  "fields": {
    "action_time": "2023-04-05T14:36:09.715Z",
    "user": [
      "admin@gmail.com"
    ],
    "content_type": [
      "exams",
      "question"
    ],
    "object_id": "19",
    "object_repr": "Kompyuterning qo’shimcha  qurilmalari to’g’ri ko’rsatilgan qatorni toping.",
    "action_flag": 2,
    "change_message": "[{\"changed\": {\"name\": \"variant\", \"object\": \"Tizim bloki,monitor, klaviatura\", \"fields\": [\"Is correct\"]}}]"
  }
},
{
  "model": "admin.logentry",
  "pk": 246,
  "fields": {
    "action_time": "2023-04-05T14:36:58.149Z",
    "user": [
      "admin@gmail.com"
    ],
    "content_type": [
      "exams",
      "question"
    ],
    "object_id": "12",
    "object_repr": "…- bu egiluvchan va kompakt disklardagi ma‘lumotlarni o‘qish va ularga saqlash ishlarni bajaradigan qismi",
    "action_flag": 2,
    "change_message": "[{\"changed\": {\"name\": \"variant\", \"object\": \"Disk yurutuvchilari\", \"fields\": [\"Is correct\"]}}]"
  }
},
{
  "model": "admin.logentry",
  "pk": 247,
  "fields": {
    "action_time": "2023-04-05T14:37:24.712Z",
    "user": [
      "admin@gmail.com"
    ],
    "content_type": [
      "exams",
      "question"
    ],
    "object_id": "11",
    "object_repr": "…- ular har xil tashqi qurilmalar ishini ta‘minlaydilar. Ishlash holatlari bilan farqlanadi (video plata, tovush plata, tarmoq platasi va h.k.)",
    "action_flag": 2,
    "change_message": "[{\"changed\": {\"name\": \"variant\", \"object\": \"Kotroller yoki adapterlar\", \"fields\": [\"Is correct\"]}}]"
  }
},
{
  "model": "admin.logentry",
  "pk": 248,
  "fields": {
    "action_time": "2023-04-05T14:37:47.294Z",
    "user": [
      "admin@gmail.com"
    ],
    "content_type": [
      "exams",
      "question"
    ],
    "object_id": "7",
    "object_repr": ". … - bu kompyuterning miyyasi.Kompyuter ishini boshqarish,barcha hisob-kitob va buyruqlarini bajarilishini ta’minlaydi.",
    "action_flag": 2,
    "change_message": "[{\"changed\": {\"name\": \"variant\", \"object\": \"Mikroprotsessor yoki protsessor\", \"fields\": [\"Is correct\"]}}]"
  }
},
{
  "model": "admin.logentry",
  "pk": 249,
  "fields": {
    "action_time": "2023-04-05T14:39:43.582Z",
    "user": [
      "admin@gmail.com"
    ],
    "content_type": [
      "exams",
      "examitem"
    ],
    "object_id": "5",
    "object_repr": "Kompyuterning texnik ta'minoti - 22/1-guruh",
    "action_flag": 2,
    "change_message": "[{\"changed\": {\"fields\": [\"Start date\", \"End date\"]}}]"
  }
},
{
  "model": "admin.logentry",
  "pk": 250,
  "fields": {
    "action_time": "2023-04-05T14:40:42.226Z",
    "user": [
      "admin@gmail.com"
    ],
    "content_type": [
      "exams",
      "examitem"
    ],
    "object_id": "5",
    "object_repr": "Kompyuterning texnik ta'minoti - 22/1-guruh",
    "action_flag": 2,
    "change_message": "[]"
  }
},
{
  "model": "admin.logentry",
  "pk": 251,
  "fields": {
    "action_time": "2023-04-05T14:41:44.687Z",
    "user": [
      "admin@gmail.com"
    ],
    "content_type": [
      "exams",
      "question"
    ],
    "object_id": "24",
    "object_repr": "Sakkiz razryadli shaxsiy kompyuterlar uchun yaratilgan birinchi operatsion sistemaning nomi nima?",
    "action_flag": 2,
    "change_message": "[{\"changed\": {\"name\": \"variant\", \"object\": \"MS DOS operatsion sistemasi\", \"fields\": [\"Is correct\"]}}]"
  }
},
{
  "model": "admin.logentry",
  "pk": 252,
  "fields": {
    "action_time": "2023-04-05T14:42:31.066Z",
    "user": [
      "admin@gmail.com"
    ],
    "content_type": [
      "exams",
      "question"
    ],
    "object_id": "20",
    "object_repr": "Dunyoning necha foiz kompyuterlari Microsoft korporatsiyasi tomonidan yaratilgan operatsion tizimlar bilan jihozlangan?",
    "action_flag": 2,
    "change_message": "[{\"changed\": {\"name\": \"variant\", \"object\": \"70%\", \"fields\": [\"Is correct\"]}}]"
  }
},
{
  "model": "admin.logentry",
  "pk": 253,
  "fields": {
    "action_time": "2023-04-05T14:45:07.437Z",
    "user": [
      "admin@gmail.com"
    ],
    "content_type": [
      "exams",
      "question"
    ],
    "object_id": "32",
    "object_repr": "…- bu matnli xujjatlarni tuzish, ko‘zdan kechirish, taxrir qilish va chop etish uchun xizmat qiluvchi hamda Microsoft  Office dasturlari guruhiga kiruvchi zamonaviy matn muxarriridir.",
    "action_flag": 2,
    "change_message": "[{\"changed\": {\"name\": \"variant\", \"object\": \"MS Word\", \"fields\": [\"Is correct\"]}}]"
  }
},
{
  "model": "admin.logentry",
  "pk": 254,
  "fields": {
    "action_time": "2023-04-05T14:45:25.017Z",
    "user": [
      "admin@gmail.com"
    ],
    "content_type": [
      "exams",
      "question"
    ],
    "object_id": "30",
    "object_repr": "Matnlarni kiritish va tahrirlovchi dasturlar  … deb ataladi.",
    "action_flag": 2,
    "change_message": "[{\"changed\": {\"name\": \"variant\", \"object\": \"Matn muharrirlari\", \"fields\": [\"Is correct\"]}}]"
  }
},
{
  "model": "admin.logentry",
  "pk": 255,
  "fields": {
    "action_time": "2023-04-05T14:50:31.512Z",
    "user": [
      "admin@gmail.com"
    ],
    "content_type": [
      "exams",
      "exam"
    ],
    "object_id": "4",
    "object_repr": "Kompyuterning texnik ta'minoti",
    "action_flag": 2,
    "change_message": "[{\"changed\": {\"fields\": [\"Attempts\"]}}]"
  }
},
{
  "model": "admin.logentry",
  "pk": 256,
  "fields": {
    "action_time": "2023-04-05T14:50:39.782Z",
    "user": [
      "admin@gmail.com"
    ],
    "content_type": [
      "exams",
      "exam"
    ],
    "object_id": "5",
    "object_repr": "Windows operatsion tizimini o’rnatish",
    "action_flag": 2,
    "change_message": "[{\"changed\": {\"fields\": [\"Attempts\"]}}]"
  }
},
{
  "model": "admin.logentry",
  "pk": 257,
  "fields": {
    "action_time": "2023-04-05T14:50:49.951Z",
    "user": [
      "admin@gmail.com"
    ],
    "content_type": [
      "exams",
      "exam"
    ],
    "object_id": "6",
    "object_repr": "MATN PROTSESSORLARI. MATN MUHARRIRLARI IMKONIYATLARI BILAN TANISHISH",
    "action_flag": 2,
    "change_message": "[{\"changed\": {\"fields\": [\"Attempts\"]}}]"
  }
},
{
  "model": "admin.logentry",
  "pk": 258,
  "fields": {
    "action_time": "2023-04-09T11:38:41.699Z",
    "user": [
      "admin@gmail.com"
    ],
    "content_type": [
      "groups",
      "classgroup"
    ],
    "object_id": "4",
    "object_repr": "22.3",
    "action_flag": 1,
    "change_message": "[{\"added\": {}}]"
  }
},
{
  "model": "admin.logentry",
  "pk": 259,
  "fields": {
    "action_time": "2023-05-08T06:36:06.068Z",
    "user": [
      "admin@gmail.com"
    ],
    "content_type": [
      "exams",
      "examitem"
    ],
    "object_id": "12",
    "object_repr": "MS Access dasturining asosiy elementlar paneli va interfeysi - 22/1-guruh",
    "action_flag": 2,
    "change_message": "[{\"changed\": {\"fields\": [\"Start date\", \"End date\"]}}]"
  }
},
{
  "model": "admin.logentry",
  "pk": 260,
  "fields": {
    "action_time": "2023-05-08T06:40:21.984Z",
    "user": [
      "admin@gmail.com"
    ],
    "content_type": [
      "main",
      "lecture"
    ],
    "object_id": "20",
    "object_repr": "1-Amaliy mashg'ulot. Shaxsiy kompyuter qurilmalari bilan ishlash1",
    "action_flag": 1,
    "change_message": "[{\"added\": {}}]"
  }
},
{
  "model": "admin.logentry",
  "pk": 261,
  "fields": {
    "action_time": "2023-05-08T06:41:03.611Z",
    "user": [
      "admin@gmail.com"
    ],
    "content_type": [
      "main",
      "lecture"
    ],
    "object_id": "20",
    "object_repr": "1-Amaliy mashg'ulot. Shaxsiy kompyuter qurilmalari bilan ishlash1",
    "action_flag": 3,
    "change_message": ""
  }
},
{
  "model": "admin.logentry",
  "pk": 262,
  "fields": {
    "action_time": "2023-05-08T06:41:55.910Z",
    "user": [
      "admin@gmail.com"
    ],
    "content_type": [
      "main",
      "lecture"
    ],
    "object_id": "12",
    "object_repr": "1-Amaliy mashg'ulot. Shaxsiy kompyuter qurilmalari bilan ishlash1",
    "action_flag": 2,
    "change_message": "[{\"changed\": {\"fields\": [\"Title\"]}}]"
  }
},
{
  "model": "admin.logentry",
  "pk": 263,
  "fields": {
    "action_time": "2023-05-10T10:56:08.469Z",
    "user": [
      "admin@gmail.com"
    ],
    "content_type": [
      "main",
      "lecture"
    ],
    "object_id": "1",
    "object_repr": "1-Maruza. Kompyuterning texnik ta’minoti",
    "action_flag": 3,
    "change_message": ""
  }
},
{
  "model": "admin.logentry",
  "pk": 264,
  "fields": {
    "action_time": "2023-05-10T11:12:52.686Z",
    "user": [
      "admin@gmail.com"
    ],
    "content_type": [
      "main",
      "lecture"
    ],
    "object_id": "2",
    "object_repr": "2-Ma'ruza. Operatsion tizimlar. Windows operatsion tizimi bilan ishlash",
    "action_flag": 2,
    "change_message": "[]"
  }
},
{
  "model": "admin.logentry",
  "pk": 265,
  "fields": {
    "action_time": "2023-05-10T11:15:01.236Z",
    "user": [
      "admin@gmail.com"
    ],
    "content_type": [
      "main",
      "lecture"
    ],
    "object_id": "21",
    "object_repr": "1-ma'ruza. Kompyuterning texnik ta'minoti",
    "action_flag": 1,
    "change_message": "[{\"added\": {}}, {\"added\": {\"name\": \"resource\", \"object\": \"Resource object (60)\"}}, {\"added\": {\"name\": \"resource\", \"object\": \"Resource object (61)\"}}, {\"added\": {\"name\": \"resource\", \"object\": \"Resource object (62)\"}}, {\"added\": {\"name\": \"resource\", \"object\": \"Resource object (63)\"}}]"
  }
},
{
  "model": "admin.logentry",
  "pk": 266,
  "fields": {
    "action_time": "2023-05-10T11:18:31.051Z",
    "user": [
      "admin@gmail.com"
    ],
    "content_type": [
      "main",
      "lecture"
    ],
    "object_id": "21",
    "object_repr": "1-ma'ruza. Kompyuterning texnik ta'minoti",
    "action_flag": 2,
    "change_message": "[{\"changed\": {\"name\": \"resource\", \"object\": \"Resource object (62)\", \"fields\": [\"Url\"]}}]"
  }
},
{
  "model": "admin.logentry",
  "pk": 267,
  "fields": {
    "action_time": "2023-05-10T11:18:31.204Z",
    "user": [
      "admin@gmail.com"
    ],
    "content_type": [
      "main",
      "lecture"
    ],
    "object_id": "21",
    "object_repr": "1-ma'ruza. Kompyuterning texnik ta'minoti",
    "action_flag": 2,
    "change_message": "[]"
  }
},
{
  "model": "admin.logentry",
  "pk": 268,
  "fields": {
    "action_time": "2023-05-12T09:04:18.208Z",
    "user": [
      "admin@gmail.com"
    ],
    "content_type": [
      "main",
      "lecture"
    ],
    "object_id": "12",
    "object_repr": "1-Amaliy mashg'ulot. Shaxsiy kompyuter qurilmalari bilan ishlash",
    "action_flag": 2,
    "change_message": "[{\"changed\": {\"fields\": [\"Title\"]}}]"
  }
},
{
  "model": "admin.logentry",
  "pk": 269,
  "fields": {
    "action_time": "2023-05-12T09:50:19.176Z",
    "user": [
      "admin@gmail.com"
    ],
    "content_type": [
      "main",
      "lecture"
    ],
    "object_id": "14",
    "object_repr": "3-Amaliy mashg'ulot. Word matn muharriri imkoniyatlari bilan tanishish1",
    "action_flag": 2,
    "change_message": "[{\"changed\": {\"fields\": [\"Title\"]}}]"
  }
},
{
  "model": "admin.logentry",
  "pk": 270,
  "fields": {
    "action_time": "2023-05-12T09:50:29.353Z",
    "user": [
      "admin@gmail.com"
    ],
    "content_type": [
      "main",
      "lecture"
    ],
    "object_id": "14",
    "object_repr": "3-Amaliy mashg'ulot. Word matn muharriri imkoniyatlari bilan tanishish",
    "action_flag": 2,
    "change_message": "[{\"changed\": {\"fields\": [\"Title\"]}}]"
  }
},
{
  "model": "admin.logentry",
  "pk": 271,
  "fields": {
    "action_time": "2023-05-29T02:57:24.442Z",
    "user": [
      "admin@gmail.com"
    ],
    "content_type": [
      "main",
      "lecture"
    ],
    "object_id": "21",
    "object_repr": "1-ma'ruza. Kompyuterning texnik ta'minoti",
    "action_flag": 2,
    "change_message": "[{\"changed\": {\"name\": \"resource\", \"object\": \"Resource object (60)\", \"fields\": [\"Image\"]}}]"
  }
},
{
  "model": "admin.logentry",
  "pk": 272,
  "fields": {
    "action_time": "2023-05-29T04:17:41.629Z",
    "user": [
      "admin@gmail.com"
    ],
    "content_type": [
      "main",
      "lecture"
    ],
    "object_id": "12",
    "object_repr": "1-Amaliy mashg'ulot. Shaxsiy kompyuter qurilmalari bilan ishlash",
    "action_flag": 2,
    "change_message": "[{\"changed\": {\"fields\": [\"Text\"]}}]"
  }
},
{
  "model": "admin.logentry",
  "pk": 273,
  "fields": {
    "action_time": "2023-05-29T04:18:10.070Z",
    "user": [
      "admin@gmail.com"
    ],
    "content_type": [
      "main",
      "lecture"
    ],
    "object_id": "12",
    "object_repr": "1-Amaliy mashg'ulot. Shaxsiy kompyuter qurilmalari bilan ishlash",
    "action_flag": 2,
    "change_message": "[{\"changed\": {\"fields\": [\"Text\"]}}]"
  }
},
{
  "model": "admin.logentry",
  "pk": 274,
  "fields": {
    "action_time": "2023-05-29T04:18:35.135Z",
    "user": [
      "admin@gmail.com"
    ],
    "content_type": [
      "main",
      "lecture"
    ],
    "object_id": "12",
    "object_repr": "1-Amaliy mashg'ulot. Shaxsiy kompyuter qurilmalari bilan ishlash",
    "action_flag": 2,
    "change_message": "[{\"changed\": {\"fields\": [\"Text\"]}}]"
  }
},
{
  "model": "admin.logentry",
  "pk": 275,
  "fields": {
    "action_time": "2023-05-29T18:10:30.306Z",
    "user": [
      "admin@gmail.com"
    ],
    "content_type": [
      "exams",
      "examitem"
    ],
    "object_id": "5",
    "object_repr": "Kompyuterning texnik ta'minoti - 22/1-guruh",
    "action_flag": 2,
    "change_message": "[{\"changed\": {\"fields\": [\"Start date\", \"End date\"]}}]"
  }
}
]
